duration,rms_mean,rms_std,rms_max,rms_energy,zcr,active_speech_ratio,pause_ratio,active_frames,pause_frames,spec_cent_mean,spec_cent_std,spec_bw_mean,spec_bw_std,spec_roll_mean,spec_roll_std,spec_flat_mean,spec_flat_std,band_low_ratio,band_mid_ratio,band_high_ratio,filename
45.0,0.04422344442545943,0.03938412625215968,0.477783203125,31.29140858962718,0.08247511454877021,0.31676136363636365,0.6832386363636364,446.0,962.0,971.7398174716259,389.7811905326423,931.9263877135709,280.73330813336213,926.4137961647727,678.2571463246081,0.022835327400254336,0.04169048638024798,0.942990727589425,0.055784181395472414,0.0012250664593242582,audio_192.wav
45.0,0.08994266934112817,0.07359502895632827,0.945648193359375,129.4349402913203,0.14660853695630133,0.44105113636363635,0.5589488636363636,621.0,787.0,1822.1604022354913,1221.9083640706895,1504.0251487913886,512.2893434994144,1643.7766335227273,1934.2697249773496,0.027835208412678305,0.05412085867269259,0.9327115443842711,0.061599781718949684,0.005688667633337479,audio_436.wav
45.0,0.07782018254294416,0.06591019099188508,0.9193115234375,96.89569297627442,0.14826409481124278,0.39204545454545453,0.6079545454545454,552.0,856.0,1655.861506049076,1278.4305450809552,1470.5898256021626,532.8707319056685,1593.6279296875,2073.3283051198828,0.025822312856888983,0.04406237702336412,0.670974148095564,0.32720977673346574,0.0018160633898657319,audio_447.wav
45.0,0.01839998817146569,0.015398770540192104,0.3289794921875,5.416953035361237,0.059268832317822664,0.3409090909090909,0.6590909090909092,480.0,928.0,956.7578050631462,495.0044897173316,1160.8818256360428,410.004480457127,609.2529296875,711.1244117918965,0.009551524420758656,0.03767979031903194,0.9482704042716044,0.05061333981111789,0.0011161155562655386,audio_126.wav
45.0,0.012976339987226904,0.011143310224286385,0.1761474609375,2.6941663914256626,0.1602467503427088,0.47798295454545453,0.5220170454545454,673.0,735.0,2249.1049108831244,1109.445296806931,1631.1609516063045,469.06589642308296,1734.619140625,1854.118436972539,0.178749729975519,0.3185917721947049,0.7567628153130402,0.21866779929653216,0.0245689508128553,audio_61.wav
45.0,0.03787061879227181,0.03391515226336337,0.950469970703125,22.94694028335313,0.1448252011461127,0.15625,0.84375,220.0,1188.0,2226.656774000747,975.9044752768762,2161.4841766912464,407.9991236615433,1340.3764204545455,1710.5367525099937,0.059003951706605086,0.05603810325344636,0.9568450139543513,0.040417692117543064,0.0027372610320075064,audio_639.wav
45.0,0.04393937718501015,0.03953796743605449,0.932342529296875,30.89070187850545,0.22421489474290937,0.2315340909090909,0.7684659090909091,326.0,1082.0,2306.3475284375336,1302.1954958713245,1751.1453349501767,526.6831674104018,2581.942471590909,2367.5909222736814,0.12200641114211264,0.157867561839358,0.7702467662341579,0.21480776693070494,0.014945431434474193,audio_703.wav
45.0,0.09660201095940422,0.07978306894058555,0.938201904296875,149.31117634241366,0.12445017284746229,0.5049715909090909,0.49502840909090906,711.0,697.0,1493.732829254766,1111.664176521836,1383.867228719326,689.2924994053728,1323.6527876420455,1671.2423161128208,0.035727888365041795,0.07669219352678439,0.6405333193957286,0.3588170766157558,0.000649596095577615,audio_509.wav
45.0,0.062830843322554,0.05347440933984206,0.829986572265625,63.16343796197325,0.17813080295944855,0.3664772727272727,0.6335227272727273,516.0,892.0,2080.6879717448433,1253.402309771193,1711.1811612792908,409.4185242877123,1824.6848366477273,1994.24504111637,0.040435466868508955,0.05166554319391351,0.9148951627763051,0.0698254458915186,0.015279377161188396,audio_672.wav
45.0,0.08224190267917855,0.06982893523237133,0.93450927734375,108.21968890066363,0.1051112570989682,0.4034090909090909,0.5965909090909092,568.0,840.0,1394.8625104157961,1052.6574383935,1269.5718583479254,548.3847077732145,1161.6876775568182,1569.9149053841552,0.015510316362026032,0.032743339510622464,0.8551459867464665,0.14340019054161407,0.001453814491386517,audio_344.wav
45.0,0.05685634655774696,0.05046990247967834,0.81298828125,51.722306302314,0.08249317012940295,0.2634943181818182,0.7365056818181819,371.0,1037.0,1317.4416671638583,596.5147185768567,1532.2975397855446,476.9223154627869,723.5995205965909,892.4692694867409,0.017544709058050768,0.021380818688827057,0.8980556719626697,0.10066574962056483,0.0012785623504088365,audio_592.wav
45.0,0.07149038119907328,0.06211471815515052,0.942596435546875,81.77399366382096,0.12693559296610135,0.38920454545454547,0.6107954545454546,548.0,860.0,1447.9329540647088,1154.3323415584816,1293.355126241086,572.5123062070378,1412.2203480113637,1653.286170948663,0.034303386540407696,0.054474403202580964,0.9116274956182739,0.08683259520937699,0.0015398992353773126,audio_705.wav
45.0,0.032414637981082434,0.02760796129011318,0.539276123046875,16.811340087114107,0.12363906060980641,0.3075284090909091,0.6924715909090908,433.0,975.0,1579.3128318301742,569.0472564958595,1540.3115768312675,247.4515454255592,1305.4754083806818,1015.1528639719196,0.025141236773805864,0.025271415499732636,0.8010358567290692,0.18705761920543923,0.011906462837697546,audio_497.wav
45.0,0.03900614801678511,0.036197349558466686,0.68634033203125,24.343673329717582,0.29215526688231513,0.18536931818181818,0.8146306818181819,261.0,1147.0,2812.556988901959,1355.7193877685788,1862.1574838878316,498.9528429036771,3543.701171875,2548.873701123252,0.18247423723692896,0.17847518811263538,0.8923998709066266,0.09481162754124978,0.012788464155780254,audio_702.wav
45.0,0.06126285706382106,0.05145539840316191,0.601531982421875,60.05020248995473,0.14321964336061577,0.4367897727272727,0.5632102272727273,615.0,793.0,1754.0354025713734,1051.0961819901788,1540.4292168451132,435.4613492873237,1604.7474254261363,1785.469739409038,0.021118084317233807,0.037894581384439296,0.5787632447732517,0.4046139155675087,0.016622816971675534,audio_598.wav
45.0,0.004649354664061838,0.0039020475024336533,0.090484619140625,0.34586398067573704,0.1499495138187692,0.39488636363636365,0.6051136363636364,556.0,852.0,1896.4696210740963,900.1773663208129,1733.5082977956613,361.54969311822026,1815.7404119318182,1707.371572748669,0.08371883489270848,0.12105045761365553,0.7322951737645165,0.25715262651417126,0.010548978762615758,audio_99.wav
26.53875,0.05457442776237016,0.04574285825522145,0.99993896484375,47.653890649442545,0.17126883158784698,0.4813477737665463,0.5186522262334536,400.0,431.0,1557.2528069162952,523.6634238259039,1078.4208674862239,183.7174700669506,1959.818742478941,1246.6525822806418,0.022490109329094305,0.049045131592608794,0.67544835894237,0.3019849617213791,0.02256665277451689,audio_194.wav
45.0,0.07904219782147831,0.04932912720296246,0.629608154296875,99.96270458319535,0.47058537581302196,0.9992897727272727,0.0007102272727272929,1407.0,1.0,3907.413345460215,222.0076721522983,2340.899269144496,72.8495461267772,6520.330255681818,758.6790033605577,0.5196002365819002,0.10136680831736487,0.6470684887265674,0.191761786859256,0.1611697028383382,audio_5055.wav
45.0,0.0742319888907755,0.06322575150728217,0.7689208984375,88.16621079488347,0.16495300687917622,0.34517045454545453,0.6548295454545454,486.0,922.0,1890.1269082840968,1083.5262576734858,1654.7264255111384,424.05298454573983,1715.6760475852273,1835.574629849814,0.030521881010225883,0.03794510788398434,0.8782790329759006,0.11599479212532787,0.005726164863990581,audio_178.wav
45.0,0.05701996672794955,0.04878766227623579,1.0,52.020425690503586,0.1885273451768683,0.5106534090909091,0.48934659090909094,719.0,689.0,2044.3430898180573,1074.6606319744462,1521.782385565806,489.08895365291255,1699.5405717329545,1845.8364711170377,0.09131081800897643,0.16677566805260735,0.8829359066047334,0.10724217969937684,0.009821896333875946,audio_609.wav
39.96,0.046648709917954105,0.03761419330945915,0.518402099609375,34.81763419215087,0.2578355822002975,0.6584,0.3416,823.0,427.0,2701.2918170927064,1124.790960573134,1901.196345765408,287.21943881323244,2728.2875,2138.7558109579154,0.08302582679168205,0.09658309622712571,0.7741235625755195,0.16229886907432284,0.06357752864893264,audio_77.wav
45.0,0.0688375951696916,0.05729130565106086,0.66998291015625,75.81783213994156,0.17710649598124442,0.5198863636363636,0.48011363636363635,732.0,676.0,2024.4228532062514,1200.2058357430726,1644.5526333591174,492.2640109680305,1996.1714311079545,2004.0969702257776,0.0573427888389735,0.10369977230335614,0.8166648545210267,0.17961001573271765,0.003725117136396273,audio_18.wav
45.0,0.04279550856742118,0.03459885170904148,0.33966064453125,29.303288856707514,0.15596341106029313,0.5539772727272727,0.4460227272727273,780.0,628.0,1791.441316738855,1127.0421064214586,1594.950210609635,421.6362473966785,1860.4847301136363,2154.5774744805594,0.08585159054089514,0.1456869766247151,0.8928101849911027,0.10602859396877704,0.0011611924564877965,audio_9.wav
42.96,0.05781202226789228,0.04678308918800712,1.0,53.47567869925236,0.1186432417412153,0.19122023809523808,0.8087797619047619,257.0,1087.0,1609.0847490190215,434.83930436849215,1577.3138046140878,288.3384915665898,1262.1023995535713,1089.2015771957579,0.028215051611855974,0.03940930060940906,0.7888454545212877,0.19089793497443286,0.02025659030837088,audio_138.wav
45.0,0.02748618254386898,0.023944961915319713,0.684814453125,12.087843693358202,0.14836965051340348,0.3359375,0.6640625,473.0,935.0,1806.8313783194424,1040.8911773821667,1674.9256504322805,434.04604996638005,1495.4833984375,1662.13051850056,0.04445384855810763,0.06951868953633432,0.8804459643094639,0.1131410318023682,0.006412929990620805,audio_269.wav
45.0,0.07368451545528902,0.060351813744662634,0.652252197265625,86.87052508609162,0.08815012243072559,0.45738636363636365,0.5426136363636364,644.0,764.0,1077.9551387049387,879.6227323914782,1169.3490432506806,733.875074048729,847.0902876420455,1195.8769983078926,0.011065425593000593,0.019785975762035803,0.8111734138938902,0.1887145682578101,0.00011200700969707386,audio_717.wav
45.0,0.046285570461813114,0.04041234065529074,0.7293701171875,34.27766452760746,0.12245364229672541,0.2961647727272727,0.7038352272727273,417.0,991.0,1540.9735840973822,619.559860677881,1435.7661114562318,389.5473625149079,1380.9814453125,1207.3968427376726,0.01836472246562614,0.02983634144991593,0.7506442893303433,0.23126552210535628,0.018090155533019292,audio_529.wav
45.0,0.07687356383520756,0.06302586319325787,0.95574951171875,94.55271706761171,0.08566609120290444,0.49573863636363635,0.5042613636363636,698.0,710.0,1139.0558180080732,696.9075810225486,1121.2916873612912,482.35608219640886,941.1066228693181,1093.2589120357738,0.013241620129719005,0.03160338675976353,0.9375588875300842,0.061228144228479324,0.0012129600127811565,audio_578.wav
45.0,0.05281797855510656,0.04702577581672853,0.668914794921875,44.63582173836314,0.20924126283508726,0.3259943181818182,0.6740056818181819,459.0,949.0,2243.9334065652965,1189.6648208639522,1742.5502643779791,517.441588964957,1674.8601740056818,2133.3639445474737,0.13484588835132783,0.2205152326347964,0.9474542352537728,0.04881577657322762,0.0037299707380218042,audio_171.wav
45.0,0.0663191977554647,0.05749289140923224,0.93927001953125,70.37177585485495,0.16970579125804341,0.30610795454545453,0.6938920454545454,431.0,977.0,2023.6162378513136,1241.6152538109084,1612.8481504885349,441.8800579072254,1979.2702414772727,2057.8023293830197,0.020908976962043205,0.035910523783683,0.49197125977480655,0.4757110940878932,0.032317623783717477,audio_596.wav
45.0,0.16414036858122624,0.10125353405743744,0.95001220703125,431.07296956769295,0.4407853344240756,0.9992897727272727,0.0007102272727272929,1407.0,1.0,3850.6596450680695,204.4719177886344,2356.0788288830886,60.71710335872654,6353.349165482955,769.1838982071265,0.4784105176445831,0.11163705374839893,0.5983031677285681,0.2565293239374101,0.14516750340014212,audio_5066.wav
45.0,0.10051981493285202,0.07880909266201926,0.88372802734375,161.6677311061571,0.16559328554622993,0.5454545454545454,0.4545454545454546,768.0,640.0,1851.2571320617774,1481.0754122817762,1487.311774243133,527.0138029803946,1761.507901278409,2295.287962051713,0.022672273211984867,0.04688468900906643,0.8708046535111051,0.12336845916507289,0.0058268817777498115,audio_501.wav
45.0,0.0567381988643409,0.04564254146186297,0.558746337890625,51.50757136591193,0.1359300499028471,0.5454545454545454,0.4545454545454546,768.0,640.0,1552.5939556185992,1062.0161651810822,1345.2547945748668,489.36102532305745,1393.8654119318182,1651.5635248560104,0.01809571342309272,0.04517497253014153,0.8751607503728472,0.12174578282102652,0.003093449848867062,audio_8.wav
45.0,0.009592261627211343,0.00740361668141262,0.064788818359375,1.4721837299979394,0.05741466307592094,0.5632102272727273,0.4367897727272727,793.0,615.0,1293.7347246253732,579.0876027727618,1675.3468846887795,408.9109428092914,460.0830078125,746.3049510246396,0.017604227343255355,0.02914139096301868,0.9612771527194182,0.038254604887374366,0.00046774893480745246,audio_84.wav
42.66,0.014473047579370771,0.012033569868703391,0.164398193359375,3.3515056997556827,0.09884933024104876,0.43745318352059925,0.5625468164794007,584.0,751.0,1474.3893264220662,968.0509670818977,1595.1457445522337,454.8933875998743,1112.5,1581.8148195172473,0.04444446031309357,0.0776390265168243,0.9286519342099013,0.06924683570364305,0.0021009935229440806,audio_11.wav
45.0,0.032863038778574036,0.03138538992902977,0.663360595703125,17.279669084192978,0.3079372332461573,0.11434659090909091,0.8856534090909091,161.0,1247.0,2962.053690312593,1340.9074217317643,1942.139524797003,433.0414757132098,2941.5061257102275,2786.464037486322,0.18938180395476548,0.22932245774048876,0.8650999586547962,0.12897237952766596,0.005927609414423644,audio_142.wav
45.0,0.061289242302480444,0.05143501878795932,0.833099365234375,60.101939552194544,0.17778983026365314,0.5681818181818182,0.43181818181818177,800.0,608.0,1947.7438489786502,1163.9210054912323,1458.8535945541848,489.59276925056037,1790.7936789772727,1971.9881327684175,0.07174063166803189,0.14591525257070778,0.9084671216358984,0.08448634387977438,0.007046520322566544,audio_610.wav
45.0,0.04864214556483416,0.04200740939320482,0.6907958984375,37.85693320240826,0.17944330478236775,0.4197443181818182,0.5802556818181819,591.0,817.0,2056.8931239135636,1489.1015854696923,1777.2574187633347,515.295198717179,1936.1461292613637,2416.6766512705203,0.038056596892037046,0.04555559633280139,0.8911505787582256,0.09817034669380491,0.01067905082216651,audio_654.wav
45.0,0.05637001121329452,0.04930286221347655,0.689208984375,50.84125062699119,0.18109122373781075,0.3671875,0.6328125,517.0,891.0,2009.2691176423398,1169.719238994487,1684.1341105546692,481.50728006937516,1771.761807528409,2086.0543636144657,0.06765542486249392,0.14427259358049863,0.9581558751487594,0.036105316928521196,0.0057387925262598356,audio_170.wav
45.0,0.05571612232318004,0.046917406616683394,0.632080078125,49.66858058770497,0.25169062734809355,0.48295454545454547,0.5170454545454546,680.0,728.0,2312.5524155175344,1543.6845365234406,1669.1456184875171,505.36795298745443,2715.087890625,2623.063092254888,0.12039570818993518,0.16267105975809013,0.8801255264969897,0.11483689432912948,0.005037561453353668,audio_255.wav
45.0,0.05800569235062042,0.05188332918086712,0.689178466796875,53.834565521197185,0.24708784317755997,0.4005681818181818,0.5994318181818181,564.0,844.0,2654.8895251998388,1261.0338652152939,1918.5317312808759,398.61650767871475,2452.63671875,2431.929569966792,0.08786399713295336,0.1507336194088402,0.6999625645140624,0.26266537449697164,0.03737203639943143,audio_162.wav
45.0,0.11275992821134924,0.07002434813186435,0.95001220703125,203.43682256365815,0.45780202472503434,0.9992897727272727,0.0007102272727272929,1407.0,1.0,3870.377727182963,208.55391600788857,2358.705876578191,68.41459080012407,6467.8955078125,796.5146684844831,0.5039113633564246,0.10068983429106797,0.5829137075565066,0.25613685008802584,0.16094943132749803,audio_5069.wav
45.0,0.05419189760021199,0.04605568824024786,0.712982177734375,46.988188248189786,0.1228182261364252,0.5092329545454546,0.4907670454545454,717.0,691.0,1232.246880028511,646.110523174677,934.9347794945425,382.3780747567288,937.9771839488636,958.2546757832424,0.06674796748610146,0.1532868991471022,0.7547195060477978,0.24405426238328268,0.0012262096697633214,audio_769.wav
45.0,0.07326764541922089,0.05967648084567855,0.76788330078125,85.89036584442688,0.11991822210864182,0.5823863636363636,0.41761363636363635,820.0,588.0,1451.3787313367748,795.1227513257359,1340.8848126614162,429.6117975127049,1308.2164417613637,1307.9745515899674,0.01584721730178043,0.030874729756719437,0.8696943432156414,0.12483937468703697,0.005466271668309456,audio_720.wav
45.0,0.05860295198648123,0.05090853057694194,0.985382080078125,54.948895704477195,0.18902665142590475,0.4538352272727273,0.5461647727272727,639.0,769.0,2194.2959482458214,1073.7730098207694,1647.137075477203,436.39122048157327,2280.850497159091,1816.739810428293,0.06646293387771976,0.09135471557525748,0.7910311144602604,0.19705966762894406,0.011909198943429244,audio_623.wav
45.0,0.06786155422403238,0.05612313435030888,0.940185546875,73.6830486672206,0.1049376457467302,0.33948863636363635,0.6605113636363636,478.0,930.0,1220.6188061694265,1109.66022560778,1247.3957207981812,752.3623236874055,1055.8860085227273,1584.1626725087538,0.012399151444919883,0.02409689519301936,0.8433696617200291,0.15631301636111206,0.0003173097684637666,audio_718.wav
45.0,0.03939221897009839,0.029928682986089142,0.693267822265625,24.827950646210876,0.11557307718482943,0.39204545454545453,0.6079545454545454,552.0,856.0,1422.2358279169002,191.5148303718209,1343.882154645807,155.66271567262194,1291.4262251420455,470.75281207652466,0.02183345628394008,0.018574061307482216,0.8681634925194158,0.127872517714674,0.003963954063191433,audio_136.wav
45.0,0.011279995146426887,0.007913936150820667,0.119964599609375,2.0358126480546264,0.04893687352343545,0.8309659090909091,0.16903409090909094,1170.0,238.0,952.5389852163538,413.363324529016,1313.692878994139,307.3058682776145,399.00346235795456,549.2355571340454,0.005225518936895368,0.01383918017667424,0.9403114514026893,0.058128285914571025,0.0015599061934091594,audio_119.wav
45.0,0.08728321324913496,0.07154833149946271,0.906890869140625,121.8937490415035,0.1537946580481362,0.46235795454545453,0.5376420454545454,651.0,757.0,1848.1561733458134,1190.403486694423,1615.1857323347388,453.3129329530741,1612.8040660511363,1922.121253490877,0.017585021937513615,0.0340456051002785,0.5837238465694313,0.4059878214437024,0.010288321193681893,audio_542.wav
45.0,0.1277757004612888,0.0788288137411725,0.95001220703125,261.226074053968,0.4524506284036506,0.9992897727272727,0.0007102272727272929,1407.0,1.0,3869.636258157005,186.4908257233527,2345.9198572878167,54.066188597705604,6445.623224431818,666.0845409702163,0.4939741783984167,0.09416834620968675,0.5021237292835105,0.3185320960496931,0.17934416522558133,audio_5073.wav
45.0,0.042877963763709386,0.03640206723335133,0.470977783203125,29.4163164243516,0.13181198862776197,0.40482954545454547,0.5951704545454546,570.0,838.0,1673.8159670046982,1158.6129491248253,1692.0964631826898,530.7280883174858,1443.5036399147727,1899.119068420262,0.0248546956393093,0.04170514099504128,0.9129289321565816,0.08445920868042818,0.0026118313225462794,audio_322.wav
45.0,0.06440920359434076,0.041072208529417044,0.95001220703125,66.37672812251581,0.4812326128230734,0.9985795454545454,0.0014204545454545858,1406.0,2.0,3936.106269451071,206.5141207677316,2330.7076266820313,55.19012593107168,6601.851029829545,808.2464446010462,0.536431547296901,0.0852483937907403,0.6453921125111978,0.19124559644804778,0.16336225837062754,audio_5039.wav
45.0,0.06417311987428763,0.05327630103308821,0.91259765625,65.89102903039505,0.16106411258904527,0.5078125,0.4921875,715.0,693.0,1710.5169297208724,1405.5191995215155,1331.5171535481757,592.562603744854,1732.6216264204545,1983.1719443282666,0.031565010922612304,0.05652435332173593,0.8541790129707676,0.142056291695769,0.003764681567245692,audio_707.wav
45.0,0.04335913929317939,0.038137543504840915,0.6844482421875,30.080239363925326,0.23367115787660817,0.3359375,0.6640625,473.0,935.0,2253.9850503404955,1425.859243763187,1605.8362778273884,492.44879486036444,2526.0231711647725,2457.7153921982217,0.07909229185247763,0.1373459376210202,0.8451061161024008,0.0770951298565909,0.07779870854032034,audio_148.wav
45.0,0.08724149212629818,0.07457566872817034,1.0,121.77724717476715,0.13758838553942437,0.4446022727272727,0.5553977272727273,626.0,782.0,1744.644798455113,1240.5031314529444,1256.7536655227739,529.4584061158848,1387.539950284091,1604.1426343271944,0.11604387465009675,0.28782035007977,0.6779223845236474,0.3158985030564406,0.006179102884168817,audio_316.wav
45.0,0.07504590092895745,0.06266640668891835,0.92462158203125,90.11019593982233,0.1508703484310395,0.48082386363636365,0.5191761363636364,677.0,731.0,1743.1669269215074,1401.510098337136,1533.1776004245016,549.0625221589341,1603.6931818181818,2030.3733723781215,0.026069520902335663,0.0460102618833594,0.9711228445627641,0.021068462087973628,0.007808684779724183,audio_647.wav
45.0,0.059676510329561616,0.05045989872911119,0.964324951171875,56.98057416182839,0.13100295972633294,0.4353693181818182,0.5646306818181819,613.0,795.0,1558.027191683326,1000.741870178573,1359.8893360871132,414.5731879898976,1450.039950284091,1593.7048002035922,0.01875423257427591,0.0356866766216548,0.8370106306366496,0.15657081077570822,0.006418542036144444,audio_286.wav
41.4,0.11220750685700163,0.09540669940558558,1.0,201.4483935210251,0.1825168818189641,0.5065637065637065,0.49343629343629347,656.0,639.0,1964.895230571675,1362.881841014982,1451.3499249511115,553.3676076714465,1727.690637065637,2033.846953241594,0.0396869033718061,0.11243420037970962,0.8319938971172273,0.15456830880909223,0.013437789129239803,audio_92.wav
45.0,0.06329847193222346,0.05657623813590801,0.91058349609375,64.10714478327168,0.17927038787553873,0.2677556818181818,0.7322443181818181,377.0,1031.0,2209.158003221422,1272.2256677429052,1869.5590693068682,614.0492519890623,2168.057528409091,2345.222739323742,0.07692610652657779,0.09783844919694659,0.7502438758989344,0.24387185098239603,0.005884256679684802,audio_462.wav
45.0,0.07376383387574201,0.059420775702887195,0.808074951171875,87.05765100876904,0.18572942462420086,0.5688920454545454,0.4311079545454546,801.0,607.0,2055.4973567653105,1451.4818606486522,1544.8669570326967,548.8133094024797,1999.545010653409,2154.0664173496943,0.04463364889051576,0.07698390438091472,0.8104346590054136,0.1822376508896797,0.007327678758391463,audio_376.wav
45.0,0.016113118815245527,0.014198803415262098,0.37847900390625,4.15412156726751,0.29988166650231457,0.16193181818181818,0.8380681818181819,228.0,1180.0,3211.883156947307,1229.684890767711,2015.182404139353,365.15061592442413,3610.140713778409,2488.140469474288,0.100318788996548,0.1345414990315554,0.6785997727800169,0.06560308745092457,0.25579649069842053,audio_76.wav
45.0,0.011634190938567296,0.009968078130641454,0.10968017578125,2.1656703807206616,0.1716037105607091,0.4289772727272727,0.5710227272727273,604.0,804.0,1959.7460448659317,939.9839940758766,1706.1621372952175,439.7120469219346,2138.971502130682,1884.109251151579,0.10875690058716198,0.1278496138224891,0.8307533020332415,0.16727728949128007,0.0019689808596162492,audio_105.wav
45.0,0.03168529619290286,0.029709524335930028,0.408935546875,16.063327917311753,0.08097164023838922,0.1590909090909091,0.8409090909090909,224.0,1184.0,1294.4411238848077,587.6564787484543,1450.1757724310405,571.6050429385872,724.5538884943181,462.71129762979757,0.04287377665077226,0.051000398159655735,0.9530404768604875,0.04695224411201802,7.232499077862116e-06,audio_355.wav
45.0,0.05150617601068478,0.04474407960744052,0.69952392578125,42.446178675898246,0.13256407300565695,0.35298295454545453,0.6470170454545454,497.0,911.0,1661.5139763109707,1053.1859881938803,1520.670242160117,496.5240522319221,1377.9185901988637,1651.6811305232884,0.02160887436944989,0.04059709628566027,0.3836863320810933,0.6059716929412682,0.010341937508964054,audio_663.wav
45.0,0.07336771038826877,0.06406705231182258,0.930389404296875,86.1251348418701,0.12922170725237117,0.3884943181818182,0.6115056818181819,547.0,861.0,1241.8224402406222,649.7538193249302,912.7187319543518,343.90703326623,1224.820223721591,1209.6624643333416,0.05223239641930773,0.10340732138521992,0.8187284895849875,0.18035944201696696,0.0009120575131814994,audio_767.wav
45.0,0.07205421438227329,0.06252903867249866,0.949462890625,83.0689569639456,0.19792041377835248,0.4609375,0.5390625,649.0,759.0,2121.1389267310133,1411.1303661329825,1588.8245699616018,548.0078505838477,2248.4574751420455,2339.1622978830856,0.07615316486848739,0.12684966292682615,0.7693848489332219,0.2262827416968607,0.004332397033705015,audio_655.wav
45.0,0.04890246588350159,0.04219864854419001,0.940399169921875,38.2632187117926,0.15449604791117766,0.44673295454545453,0.5532670454545454,629.0,779.0,1838.0716845491609,1114.1214463137621,1568.9739623577443,498.5639940669376,1642.245205965909,1853.878882104173,0.07352452532311982,0.13156647448299272,0.767825507202891,0.22282575334241167,0.009348711762542997,audio_372.wav
45.0,0.07982018139360987,0.0666741529507269,0.91119384765625,101.94018172334052,0.21486279842055336,0.46732954545454547,0.5326704545454546,658.0,750.0,2245.152608201994,1426.7119115491664,1476.8754341394304,414.1444284366863,2371.027166193182,2094.660814720978,0.04029465051008497,0.06571728992546992,0.5835684288236276,0.39045222656217493,0.025979330757401522,audio_667.wav
45.0,0.0414158668908044,0.035277351256927304,0.424713134765625,27.44438448506925,0.1286057341746308,0.37926136363636365,0.6207386363636364,534.0,874.0,1681.791541137267,637.9300698159096,1691.745113632149,324.24062858984934,1322.0991654829545,1245.2333314117634,0.047958443289584166,0.04944360438553296,0.9153192851281818,0.08239400359972868,0.002286681615344101,audio_517.wav
45.0,0.059099799680785846,0.05160366233511082,0.9388427734375,55.884581156944236,0.22131141848808122,0.40269886363636365,0.5973011363636364,567.0,841.0,2452.6770862340472,1213.8285457267586,1779.7641594150198,368.0837351816992,2486.2504438920455,2046.0628177955537,0.07264719802582001,0.08361275682977728,0.6255944165700392,0.3493563394265009,0.025049219888871772,audio_765.wav
45.0,0.013662024718626672,0.010760357624853575,0.101654052734375,2.9864147105978596,0.050638264775367745,0.4616477272727273,0.5383522727272727,650.0,758.0,1108.9713840215886,861.7269612189282,1534.6325191101032,478.91780957867616,540.1278409090909,1229.2779409997613,0.006200342856300154,0.014615066580444029,0.9826934187021961,0.016671121112130215,0.0006352219722091028,audio_38.wav
45.0,0.05011194992218882,0.04340774738687593,0.927398681640625,40.17932040006336,0.23225657257857302,0.42826704545454547,0.5717329545454546,603.0,805.0,2328.027390548379,1120.0856731067097,1620.7548254491405,409.85796367486995,2570.2348188920455,1869.0052708372305,0.06397218570876849,0.09482569671831957,0.500737154645219,0.4603708816503558,0.038891923826381035,audio_371.wav
45.0,0.061619091137533014,0.053503051739797726,0.966888427734375,60.75059828184959,0.12297655968966624,0.35014204545454547,0.6498579545454546,493.0,915.0,1604.9017117147814,942.6643712936426,1541.28891528128,540.3622477446179,1199.1410688920455,1591.3721778807974,0.028293606617517595,0.051345258473905746,0.8352555593835219,0.15262342294198455,0.012121001445539658,audio_507.wav
45.0,0.09697386774115827,0.06066380388689535,0.907379150390625,150.4628963948745,0.4612089739013526,0.9992897727272727,0.0007102272727272929,1407.0,1.0,3874.8010323884782,225.97875406389898,2349.5222746770005,82.9874133399686,6458.307439630682,802.3580161447219,0.5030552152097759,0.09885622104334739,0.677438443202468,0.16942778890900254,0.15313375420933067,audio_5056.wav
45.0,0.0699119972166767,0.05938759154939068,0.981170654296875,78.20299767719375,0.1431397821385863,0.3835227272727273,0.6164772727272727,540.0,868.0,1878.7373843782168,1317.0819748462545,1496.0049233076782,572.4950986037226,1515.902432528409,1960.7438649110322,0.11630198905846094,0.2577529398984306,0.7366161572147357,0.2496717836101315,0.01371204469826151,audio_282.wav
45.0,0.10130121083293597,0.08054735183690828,0.939178466796875,164.19096505950307,0.1313258768414956,0.5255681818181818,0.47443181818181823,740.0,668.0,1684.1105743521512,1034.3758851130835,1536.9799326531422,560.464468976646,1349.7536399147727,1713.2033520557352,0.0305535725381009,0.06413220581196777,0.8762768963828425,0.12151660052532447,0.00220649781960716,audio_459.wav
45.0,0.05079666358538636,0.04591931922454421,0.93218994140625,41.28481650251067,0.23576491078459832,0.3693181818181818,0.6306818181818181,520.0,888.0,2530.515566006677,1296.5030981400143,1727.8563297266776,452.53558888429717,2641.7680220170455,2278.881832960993,0.09506160161621863,0.13138072752434593,0.515019268783905,0.43039900615449056,0.05458168426257087,audio_303.wav
43.7546875,0.08677635163840196,0.07015870569252562,0.8536376953125,120.48216325874537,0.17843327991040947,0.5924032140248356,0.40759678597516436,811.0,558.0,1985.324836363656,1399.7648602811487,1543.4678528852858,543.3838433798138,1949.2330168005844,2078.1513906828077,0.05119795926841464,0.08207979219970717,0.8480820490892113,0.14348890427810884,0.00842903880640779,audio_297.wav
45.0,0.0924933586158612,0.07299741526713487,0.811737060546875,136.88034220867686,0.1193473879824833,0.5603693181818182,0.43963068181818177,789.0,619.0,1595.474626834433,1041.7060576332372,1546.838674037964,521.2446722361716,1203.2026811079545,1669.6847505130672,0.02023024567260259,0.037978764746291374,0.8803580259993135,0.11776051491828686,0.0018814528161198807,audio_432.wav
45.0,0.07253170752666366,0.06091627834970669,0.94720458984375,84.17357754773563,0.11408765845508119,0.29261363636363635,0.7073863636363636,412.0,996.0,1312.18809412838,787.3864480514889,1195.9065584971556,508.3376442671544,1174.283114346591,1226.0548564261742,0.016499317576647497,0.029325686529741844,0.7515457322931104,0.24586405084698218,0.0025902046406284006,audio_454.wav
45.0,0.05979852612669264,0.049085549439977026,0.930908203125,57.21381963079588,0.12554531325737953,0.4978693181818182,0.5021306818181819,701.0,707.0,1596.5072052239627,905.1383087171287,1387.8123307680266,527.48212346229,1550.381747159091,1615.5948738491895,0.04726706070335293,0.08545488500114591,0.7728911069975503,0.22064406294002664,0.006464811985731418,audio_482.wav
45.0,0.06625491579246932,0.057372542314430584,0.955902099609375,70.23542186667522,0.1473189546096592,0.3068181818181818,0.6931818181818181,432.0,976.0,1819.1920592098868,973.0391739104244,1535.8987140463034,537.1467460261558,1820.7785866477273,1827.3306944771755,0.060405712539725244,0.09694522502699054,0.7892090983781467,0.20702417607592424,0.003766711332412072,audio_484.wav
45.0,0.06353203153848679,0.05532343805579819,0.940643310546875,64.58110450251648,0.203405143618255,0.42045454545454547,0.5795454545454546,592.0,816.0,2151.59388795764,1178.6531144201897,1770.7080954385963,395.6987351510821,1909.2795632102273,2112.7716590533505,0.07711938948294321,0.14508612595910644,0.8768692460579507,0.11722741144921843,0.0059033287915292295,audio_757.wav
45.0,0.05884464797228562,0.05416957143804077,0.9678955078125,55.403081519715485,0.15576827190037765,0.2002840909090909,0.7997159090909091,282.0,1126.0,1817.848654894794,788.473315095705,1639.6896981854786,502.921028176872,1621.004971590909,1167.9329674881917,0.08101729891873348,0.06978018777574425,0.9165605093047045,0.08229060816808419,0.0011488680147942309,audio_773.wav
45.0,0.07172431682042119,0.05943961030461728,0.916259765625,82.31004197369847,0.21475724271839267,0.4609375,0.5390625,649.0,759.0,2244.6064903291976,1485.6714065781323,1501.5552599904431,438.5519982050437,2331.4208984375,2195.4347782519108,0.04644559531877102,0.07602310991686133,0.6927383871036267,0.282934782076184,0.024326815543893144,audio_668.wav
45.0,0.011729576247569932,0.009269452206334279,0.118927001953125,2.2013273431609073,0.08060844528950735,0.4161931818181818,0.5838068181818181,586.0,822.0,1548.545375293374,819.3640168232648,1747.6292180896578,426.73906713135955,848.4552556818181,1343.6275575226998,0.015315647402899762,0.029438215090160657,0.8582020581918588,0.1381405898352562,0.0036569433444614127,audio_240.wav
45.0,0.0904498922173051,0.07419462889620808,0.938934326171875,130.89892803395375,0.08896123466838149,0.4921875,0.5078125,693.0,715.0,1539.1835847340415,876.5002269986702,1713.0168898019308,485.4074020143073,847.4897904829545,1382.159193651202,0.017076223631255955,0.029502639675526833,0.9056890266106699,0.09013913092052422,0.0041718360735414454,audio_163.wav
45.0,0.0746926507627987,0.06535403989678888,0.97344970703125,89.2638732475746,0.1969961069390374,0.390625,0.609375,550.0,858.0,1883.7449604811636,1144.034207414662,1524.448896082856,627.1618441924343,2369.939630681818,2299.0806550866473,0.07512179331690215,0.12446532174757326,0.7851955336212386,0.21187114343765023,0.002933311783954042,audio_659.wav
45.0,0.10317598491274792,0.08212382802998132,0.93597412109375,170.3245418034494,0.12595156382161643,0.5042613636363636,0.49573863636363635,710.0,698.0,1558.0479078488252,1145.7881616202556,1435.31349084427,531.7601612792398,1387.6842151988637,1762.2625137724185,0.01825867084380772,0.03633425995014342,0.8172651223204779,0.18024315872509908,0.0024917133878470292,audio_532.wav
45.0,0.05370715910344523,0.047438867576026125,0.927520751953125,46.15134302340448,0.16591689710680155,0.3494318181818182,0.6505681818181819,492.0,916.0,1996.3595061830033,848.2792833074967,1831.3334576334958,512.7089953122634,1945.467862215909,1504.3233273672831,0.09649977432101049,0.09704762712712471,0.8513112751909955,0.13842931508718007,0.010259389074710253,audio_464.wav
45.0,0.004506311574830203,0.003382646109923898,0.045684814453125,0.32490950415117875,0.12955642993948602,0.5880681818181818,0.41193181818181823,828.0,580.0,1800.6255192927586,1211.368604011718,1757.0738243120634,385.9971435749311,1443.2262073863637,2016.2370177725275,0.034887608230561175,0.05262946492665742,0.9175975574434424,0.0695633243490905,0.012836437675454273,audio_5.wav
45.0,0.07558059554784417,0.06327557234693336,0.638671875,91.39882277386884,0.15553216046133397,0.4538352272727273,0.5461647727272727,639.0,769.0,1669.6821164294108,1333.7825339034634,1573.4524334421635,641.6086966782823,1550.692471590909,1961.4276633224379,0.0461711177216559,0.06854615945610942,0.9436351306010479,0.05602252182108529,0.0003423392255324447,audio_231.wav
45.0,0.06177419207732185,0.05432110967661079,0.999969482421875,61.05681290889366,0.18531761849669234,0.1981534090909091,0.8018465909090909,279.0,1129.0,2091.1134433207785,1042.713924602329,1629.9969981617357,399.9884436410821,1897.0170454545455,1805.636159438636,0.024610259995315256,0.03292527733321903,0.7274466157054745,0.19023309251562773,0.08232026619945179,audio_384.wav
36.42,0.01469862205308818,0.011521306721294762,0.22259521484375,3.4567918441524825,0.07867514187798921,0.33596491228070174,0.6640350877192982,383.0,757.0,1489.7040413476077,926.6927210523686,1631.4610167148883,408.1038184753206,795.1480263157895,1545.053092201328,0.014152982693170233,0.028764238042717258,0.8280690055597779,0.16924501973009842,0.0026857146144923004,audio_54.wav
45.0,0.06461067810867072,0.055289473068214336,0.9722900390625,66.79263561059618,0.17963705505146535,0.43394886363636365,0.5660511363636364,611.0,797.0,2062.953657930464,1285.5628320822834,1609.7060368535663,500.24491330261264,1712.6908735795455,2096.425732371974,0.08455361023477226,0.15139820207586602,0.7286711832035306,0.2649097583091668,0.006419042053815709,audio_656.wav
45.0,0.11180751998778582,0.0975250541066158,0.95501708984375,200.01474441310597,0.12252100350139375,0.3757102272727273,0.6242897727272727,529.0,879.0,1633.1417819693343,683.0621798486837,1537.8944461256774,473.1259961750612,1290.8713600852273,1159.0213886001322,0.023516009476731204,0.043784222126643985,0.6226652659430342,0.36902510939349825,0.00830961839828415,audio_444.wav
45.0,0.15507363472934593,0.09601793877803594,0.95001220703125,384.76531501072975,0.4467867316482384,0.9992897727272727,0.0007102272727272929,1407.0,1.0,3838.6051790204074,196.9230828163715,2364.7477943974545,61.72801269512382,6397.627397017045,644.5767426479698,0.4813573583427326,0.10163411855123987,0.5580711539425569,0.28681922546265726,0.15510961476319288,audio_5062.wav
45.0,0.01704645767890822,0.013758714313658561,0.3017578125,4.649307510380944,0.06292369850513681,0.32386363636363635,0.6761363636363636,456.0,952.0,1097.0438146045383,704.9562583074897,1311.6346642498863,433.4713586765772,731.5229936079545,1065.1391927889338,0.003939781948074406,0.009723699621744979,0.8213291099313039,0.17366064172837775,0.005010042927081052,audio_312.wav
45.0,0.009455730187458395,0.008061373806267029,0.24139404296875,1.4305733340481916,0.12134669631485599,0.359375,0.640625,506.0,902.0,2040.2288829138158,778.4299676884233,1967.043830188807,417.31134004206234,1269.4091796875,1714.6841039263236,0.03961524035472685,0.05152802159705634,0.7325358698731991,0.2520602137070963,0.01540311822435473,audio_120.wav
45.0,0.08947457132820157,0.07181058198703122,0.938995361328125,128.09118262984686,0.10389875541493808,0.5298295454545454,0.4701704545454546,746.0,662.0,1332.7371953678733,931.4914416659634,1380.000415220113,528.3332486923174,1060.2472478693182,1377.208338156772,0.009519160198121903,0.018798203810592242,0.589858691544145,0.40919197031444354,0.0009493283662439289,audio_446.wav
45.0,0.09620823772382944,0.08141180903333799,0.94720458984375,148.09640009479804,0.07703760699667639,0.4744318181818182,0.5255681818181819,668.0,740.0,933.8890202703103,459.83673903063897,954.3616502963126,478.59701919888647,762.6176313920455,613.6931735651676,0.008791552338836972,0.016435524588094663,0.7540193363996412,0.2455571357080277,0.00042352100201081095,audio_546.wav
45.0,0.044952368302564244,0.03798172831634751,0.931549072265625,32.33144665615012,0.12988698595414716,0.2805397727272727,0.7194602272727273,395.0,1013.0,1573.6246901848665,639.0873366608797,1556.1814205401924,405.9710936831096,1365.201083096591,1318.0474459743357,0.02831810030815622,0.036544052943374594,0.7470409664150364,0.24820561381238712,0.004753386910605024,audio_430.wav
45.0,0.04860104483149512,0.04135015476671018,0.538848876953125,37.79298493940797,0.16671273154546049,0.3991477272727273,0.6008522727272727,562.0,846.0,1866.9437535775612,1021.0151349683757,1630.6893133924511,362.6113041752837,1733.6203835227273,1647.177959825599,0.032847426878250395,0.03795369675196266,0.88666874643145,0.10344855594834006,0.009882673744423953,audio_179.wav
45.0,0.0849218227604319,0.07025532694098555,0.945037841796875,115.38745569526735,0.15613632796712218,0.4850852272727273,0.5149147727272727,683.0,725.0,1822.0711118817549,1356.6496939235908,1427.3050647005023,490.84024269930984,1707.4196555397727,2027.398856437372,0.037484739067502465,0.0683354869805502,0.9063076315421422,0.07956161336624665,0.014130747296664654,audio_674.wav
45.0,0.052098443895294395,0.046934258386060954,0.558685302734375,43.427965700978206,0.11711474599270277,0.2883522727272727,0.7116477272727273,406.0,1002.0,1977.852317850641,1192.238712799746,1667.2279567791709,758.8827195218068,693.4481534090909,1338.4273321690357,0.3426935783383772,0.4084209388990832,0.9188465970143864,0.08071302360382626,0.0004403609932580976,audio_737.wav
45.0,0.08581713348661013,0.07067978112177463,0.887115478515625,117.83328639773859,0.1131334904631812,0.4758522727272727,0.5241477272727273,670.0,738.0,1457.7531628168954,904.5385147698399,1528.8720778207419,478.45617853900023,1145.2414772727273,1347.6045961175255,0.034197853170171426,0.05062614387549696,0.9319926644854796,0.0666892715500335,0.0013180573040549781,audio_669.wav
45.0,0.07037323779853623,0.05784137292643861,0.944580078125,79.23828157198926,0.11222932254072575,0.44886363636363635,0.5511363636363636,632.0,776.0,1498.0733148052432,755.737389654319,1373.9084540599072,434.22513420527576,1326.0719992897727,1292.3607493590187,0.010805061380419695,0.02121250990049027,0.8792170985634358,0.10701689024885642,0.013765999425958486,audio_540.wav
44.7786875,0.03552142225070329,0.03055798665443856,0.566162109375,20.18834301940414,0.10842156832640573,0.23269093504639543,0.7673090649536045,326.0,1075.0,1356.9574447733778,1001.6355268816803,1444.3235113383942,422.2575146062524,1117.527658815132,1598.2619842672334,0.013578917385396494,0.03463771289084663,0.7625344414596874,0.232550881333367,0.0049146258027567185,audio_692.wav
45.0,0.07467604878359749,0.06100616639564975,0.95709228515625,89.22419619088372,0.1331543516032661,0.5767045454545454,0.4232954545454546,812.0,596.0,1475.4882848631141,1051.2596245107945,1249.0154991330778,439.67952646614026,1342.928799715909,1561.7073468178035,0.022821910092006438,0.05304510018817362,0.7092930299643733,0.28748816720738696,0.0032187905102675656,audio_572.wav
45.0,0.04434744712933586,0.03813788989394262,0.531829833984375,31.467137070227828,0.1635946716592662,0.4275568181818182,0.5724431818181819,602.0,806.0,1826.8558118260196,1229.625077746744,1309.0014683359989,509.04389868467484,1133.3451704545455,1456.887148354165,0.15241897511939403,0.3020074220203933,0.8635160262661573,0.1330858653684579,0.003398080058603429,audio_479.wav
45.0,0.012957500645509544,0.01124394981843272,0.131103515625,2.686349167654084,0.09890360958834665,0.3536931818181818,0.6463068181818181,498.0,910.0,1531.3604232041596,1205.332286560482,1291.1380442134666,808.9388977482927,734.4526811079545,1273.4406974619656,0.2150232025965374,0.3506822496321988,0.8370093622862969,0.16114635530104657,0.0018439399817023793,audio_419.wav
45.0,0.12645076238871356,0.0783406531578454,0.95001220703125,255.83672493899033,0.4505853480352056,0.9992897727272727,0.0007102272727272929,1407.0,1.0,3856.1946439407225,176.85170810723602,2344.6190935059462,47.415916195071254,6430.919300426136,687.3962386199695,0.49358021574829647,0.09598116579495358,0.3944903835425758,0.4098384189782739,0.19567118687098545,audio_5037.wav
45.0,0.07757901594483237,0.06066168381186545,0.922027587890625,96.29605943949686,0.1455175632188378,0.5845170454545454,0.4154829545454546,823.0,585.0,1799.2307412994712,1244.5184415143867,1571.657346914105,537.801651457041,1513.827237215909,1933.9432435308572,0.02487360341674595,0.04876757048594311,0.6904231653216572,0.30715852526277737,0.0024182977713225963,audio_433.wav
45.0,0.06624780294967893,0.05928155106996466,0.931365966796875,70.22034233055182,0.1787995538882693,0.30326704545454547,0.6967329545454546,427.0,981.0,2159.7122267468444,1149.3759064088729,1808.941248469412,438.274889149479,2019.7864879261363,2043.4156963382197,0.05320117650185477,0.0734097832294906,0.7829567405725933,0.20931296668282978,0.007730278088789879,audio_405.wav
45.0,0.08889274357825175,0.07956188450628177,0.7353515625,126.4307177739011,0.12720434333936576,0.31889204545454547,0.6811079545454546,449.0,959.0,1699.1471462516602,990.0217497319978,1675.7102248403016,624.6274639615558,1291.5261008522727,1330.6389010275348,0.05525353782781644,0.06810985282415044,0.9001721493511647,0.09953781891453327,0.0002900252584492456,audio_267.wav
45.0,0.06374811015711591,0.05430459540430907,0.958709716796875,65.02114477766057,0.18141830752542712,0.4509943181818182,0.5490056818181819,635.0,773.0,2184.1637577106144,1203.3813427200769,1756.1083505300603,398.10619068748895,2162.808504971591,2032.100171182298,0.05750225069323718,0.07785568732127844,0.7822336704445111,0.19849930596024798,0.019267006653302974,audio_358.wav
45.0,0.05629892151428642,0.05063753774899622,0.950408935546875,50.71309701874852,0.17054051463960368,0.3544034090909091,0.6455965909090908,499.0,909.0,1891.73911378318,1181.1596289149982,1557.406940653844,536.4510904058742,1833.7291370738637,1995.2692032964483,0.08344843622455099,0.13891531029076706,0.6983763653783038,0.2950287654054002,0.006594846794566389,audio_331.wav
45.0,0.0795502171114677,0.06908019887205906,0.999969482421875,101.25179267970638,0.11763488560400778,0.3522727272727273,0.6477272727272727,496.0,912.0,1489.2929096377447,877.0335120748339,1339.8867995145542,538.2476414603879,1303.7220348011363,1373.1598086336107,0.03264752464542528,0.06907232702502633,0.8329514632391493,0.16080878740783563,0.006239739997770477,audio_487.wav
45.0,0.06363856932785569,0.053870242584532615,0.764617919921875,64.79788009754071,0.1402446392286656,0.4190340909090909,0.5809659090909092,590.0,818.0,1669.2395974730753,1126.6232367170735,1675.394942696181,502.24675992033644,1574.8845880681818,1906.1965795354388,0.05990611526948391,0.09554691182103044,0.9702574286698411,0.028061333481033037,0.001681226503421136,audio_494.wav
45.0,0.048055089853181174,0.04166743498430276,0.509063720703125,36.94866657275706,0.11921961002723615,0.34232954545454547,0.6576704545454546,482.0,926.0,1478.0747468409143,1041.1267883823448,1527.3971209483598,510.41006614970036,1278.1760475852273,1713.7362156239737,0.028442048792284503,0.044254254751887365,0.7856146570888262,0.21319968169618475,0.0011856346273129788,audio_536.wav
45.0,0.07234380650784887,0.05954130242848537,0.943359375,83.73802144072123,0.12787239982277754,0.5518465909090909,0.44815340909090906,777.0,631.0,1665.827767601941,993.4510842554675,1600.6108641097023,481.9933584143337,1368.3305220170455,1554.880462017015,0.02709729928361351,0.05347583148565386,0.8259860902588111,0.16776913301540183,0.0062447652527283315,audio_634.wav
45.0,0.0633639728614115,0.05271373879690176,0.816864013671875,64.2398889085071,0.15573354962993005,0.5348011363636364,0.46519886363636365,753.0,655.0,1684.207814174248,1431.1144513165273,1367.6956682857212,576.7926424058586,1657.2043678977273,1978.9360178443142,0.031827172847211045,0.061046974558077914,0.9553429156580132,0.024919976064752023,0.019737094806010564,audio_317.wav
45.0,0.13246081207623847,0.08293573189689461,0.95001220703125,280.73386777434496,0.4480700667639816,0.9992897727272727,0.0007102272727272929,1407.0,1.0,3856.0373204685166,197.79209889136874,2344.7475836838903,54.384497714848905,6388.838334517045,826.8944409134358,0.48821943852089295,0.10262946082116456,0.5984813145709063,0.24790882128308045,0.15360985638826985,audio_5054.wav
45.0,0.05833410841807057,0.049473767656536244,0.923858642578125,54.44589127889938,0.23073226490592347,0.4375,0.5625,616.0,792.0,2292.4900106100777,1259.334982962883,1620.622655582399,380.3450421585722,2549.6382279829545,2088.6699259750844,0.04785513255944963,0.062431169070856316,0.5517276216961415,0.40547152025114264,0.042800829442228516,audio_723.wav
45.0,0.04392261491602039,0.03744323863716975,0.617462158203125,30.86713761697627,0.29577818858081745,0.4396306818181818,0.5603693181818181,619.0,789.0,2843.266459154773,1597.752801491857,1631.7293093693397,468.2750780456888,3292.1919389204545,2554.610514109297,0.07402088029744283,0.13305215882724739,0.6628701802093305,0.14728899009263538,0.18984075456868954,audio_155.wav
45.0,0.07910118704738295,0.06606118792790135,0.9002685546875,100.111964676881,0.15868216483634004,0.46235795454545453,0.5376420454545454,651.0,757.0,1765.3591450493777,1145.6568577039766,1478.7833439043088,397.30803697571065,1669.677734375,1798.2740737879967,0.03449800110262637,0.05007961992024195,0.7305340260911481,0.2648858527579852,0.004580110375173015,audio_410.wav
20.06,0.025819775154155896,0.023215143212903223,0.55035400390625,10.666572624178658,0.07027377328568446,0.09076433121019108,0.9092356687898089,57.0,571.0,1083.7779686146441,673.6967940779566,1401.8535162571743,337.360553561265,638.2115843949044,1096.816677520242,0.005534555708293213,0.01706103174543465,0.5758269033610457,0.4161353363793976,0.00803763784991253,audio_251.wav
45.0,0.04623603052797592,0.039671733638447504,0.907562255859375,34.20432830374274,0.16875162326614343,0.3913352272727273,0.6086647727272727,551.0,857.0,1863.5517645151458,1158.2228378792665,1711.9256995373062,488.6924029846041,1864.6351207386363,1888.4700897623102,0.07178386099185832,0.09522229954793486,0.9367564266319565,0.060237917824737044,0.003005632437040317,audio_779.wav
45.0,0.05964776804658655,0.049985548715223975,0.600067138671875,56.92569972703026,0.15560924390172765,0.5447443181818182,0.45525568181818177,767.0,641.0,1773.9530414205824,1269.5262074602506,1531.9518928635675,607.128903150209,1684.359463778409,1804.921158419026,0.05062932129814997,0.07892267489903979,0.9568832972664445,0.03191011024241475,0.011206578270547767,audio_382.wav
45.0,0.03912672657876353,0.03621122888720854,0.68023681640625,24.494411724309128,0.1462432586711926,0.16477272727272727,0.8352272727272727,232.0,1176.0,1702.3840713225902,851.2015101273818,1551.1460979822964,307.5408078921405,1651.766690340909,1437.0822272004687,0.03570638609780703,0.03599253433803394,0.7401405009418984,0.2456765882720969,0.01418286495085449,audio_559.wav
45.0,0.037099603674040436,0.03470322194384488,0.67205810546875,22.022089484333993,0.29838791442765894,0.23863636363636365,0.7613636363636364,336.0,1072.0,3016.2693032740326,1102.322538017995,2133.843204570567,363.8251578629052,3482.6771129261365,2921.6525818668965,0.21159005598190614,0.20592609514796387,0.7633706867150597,0.19879200927131535,0.03783724754854607,audio_161.wav
45.0,0.06281927033591975,0.053752512494138247,0.8155517578125,63.14017160859787,0.11570154958548554,0.34232954545454547,0.6576704545454546,482.0,926.0,1440.9227807479517,1129.3166486340394,1494.552622400657,487.4894413461817,1192.7268288352273,1735.1911815376175,0.022537683945370646,0.0379276092772751,0.8158813668487263,0.1823475513661967,0.001771066796274681,audio_535.wav
44.1173125,0.057289547943528966,0.048914537565791595,0.565765380859375,52.513476857182475,0.1855559616703217,0.44710144927536233,0.5528985507246377,617.0,763.0,2127.3059186652968,1292.2901369641847,1699.5247564856033,537.8983478209658,2245.3464673913045,2062.161438843699,0.08186655528398168,0.10323715980457238,0.8303769109175441,0.16293095248430614,0.0066921183854220636,audio_363.wav
45.0,0.12802332141029774,0.07905903038759035,0.949981689453125,262.2395331987904,0.4507422926976287,0.9992897727272727,0.0007102272727272929,1407.0,1.0,3849.045227356038,216.36796073692403,2356.001656110224,60.24219323303231,6424.31640625,686.4484358530223,0.49213476767950054,0.09820361610221785,0.5635891395979707,0.2745328964344234,0.16187795530014323,audio_5057.wav
45.0,0.06373293409142301,0.055373030707379846,0.9429931640625,64.99019020642672,0.1921238779498305,0.3330965909090909,0.6669034090909092,469.0,939.0,1785.5472694315215,1183.042393317561,1388.444098781839,658.4348979795905,2236.4612926136365,2192.5179491518297,0.05846865042730453,0.11768289302416618,0.6737779020569999,0.324407280915822,0.0018147994639251383,audio_660.wav
45.0,0.0387232901009273,0.030553990668635095,0.441864013671875,23.991891139849194,0.18997665274535103,0.5802556818181818,0.41974431818181823,817.0,591.0,2236.780085329297,1498.6274537168201,1827.4826664056889,515.0764242525887,2195.9450461647725,2502.652778887327,0.05688526058608612,0.08785465500799161,0.9394819152676677,0.036969242721139814,0.023548804070292896,audio_293.wav
45.0,0.07616097369687956,0.0660677353950512,0.6500244140625,92.80790263130847,0.15845994230547542,0.4161931818181818,0.5838068181818181,586.0,822.0,1795.2059026437173,1001.7191895800157,1470.191472828487,393.356973023036,1795.4212535511363,1600.3090869743596,0.04725823034571544,0.07343500948867482,0.6646981126442395,0.3311398183290483,0.004162056453904071,audio_74.wav
45.0,0.10429003303631389,0.08401372680138945,0.931793212890625,174.02257585144704,0.12759323276837883,0.53125,0.46875,748.0,660.0,1168.0056910540961,640.446291587799,888.7089514700879,265.2341309066663,1365.3342507102273,1205.4258640636706,0.004583901251081104,0.022667186369783196,0.85162345663236,0.1467508606150956,0.001625677602723372,audio_215.wav
45.0,0.048617476861976656,0.042561897955787305,0.9415283203125,37.81854490279738,0.10470708987095816,0.24005681818181818,0.7599431818181819,338.0,1070.0,1163.2983185589012,509.3455598813932,1007.06369787054,208.2159129064524,1117.1431107954545,1011.1555863522592,0.009490351116485453,0.014236961790289814,0.7797771537635755,0.21539437286751958,0.004828446617184017,audio_228.wav
45.0,0.04714519557757839,0.04048283446476069,0.6630859375,35.56271145676987,0.10115152937712414,0.3231534090909091,0.6768465909090908,455.0,953.0,1242.6079481877368,669.7004804542943,1229.4000886035012,364.8512072386161,1122.55859375,1169.431758871212,0.012679832026937293,0.029706314130783514,0.8887964816536127,0.10929483967534329,0.0019086548397266743,audio_602.wav
45.0,0.04771401478275057,0.04166626089411429,0.84234619140625,36.42603530701664,0.0921813780296917,0.3117897727272727,0.6882102272727273,439.0,969.0,1378.3722813163042,863.7169094681095,1436.457556494873,534.2585008248734,882.8014026988636,1296.1314012974944,0.010602242641892155,0.020554682813495345,0.8552170269858609,0.14301692996490542,0.0017660187828423646,audio_396.wav
45.0,0.0651890666736859,0.05675953207966993,0.899017333984375,67.99383062058025,0.15026270869820652,0.32954545454545453,0.6704545454545454,464.0,944.0,1805.5238638006276,888.4109621087251,1577.488594643661,420.04799807325355,1647.4498401988637,1569.9555997357302,0.021196159209533435,0.03315518194409155,0.40100382053937667,0.5818936676218254,0.01710248818789449,audio_576.wav
45.0,0.09050558140148961,0.05729274251929045,0.95001220703125,131.06016423714658,0.4652395350549098,0.9992897727272727,0.0007102272727272929,1407.0,1.0,3835.3353942022445,240.62505160550234,2344.822226343222,66.34379821661429,6449.851296164773,692.6737157341357,0.5106079321768833,0.08057313178220438,0.5387524012447676,0.284038829343057,0.17720875108929804,audio_5040.wav
45.0,0.04742402564071049,0.04100920340240081,0.640472412109375,35.984611327532264,0.13603907783205255,0.45667613636363635,0.5433238636363636,643.0,765.0,1478.2690766980202,700.4349066887593,1183.917898840578,413.6700825290127,832.8302556818181,1086.5141126295869,0.1660804178908988,0.26215700729532304,0.87668370812082,0.11636501422441688,0.006951252783688323,audio_198.wav
45.0,0.05891239609649191,0.049248339404897354,0.90618896484375,55.530726621279285,0.10622375864410923,0.3821022727272727,0.6178977272727273,538.0,870.0,1295.0492759003503,771.7255149802893,1261.8093027343543,416.22738397594287,1168.9453125,1266.3833966101722,0.013221489743121222,0.028497684530464924,0.9023323767071862,0.09582676314438171,0.0018408452168051767,audio_600.wav
45.0,0.06004519648234078,0.05275215652997575,0.595855712890625,57.68680992964655,0.12280642056447301,0.3387784090909091,0.6612215909090908,477.0,931.0,1639.5963102760675,1042.433298620018,1639.8325884720662,594.1070835288466,1121.6486150568182,1454.2951881634542,0.042829414560991645,0.050259542972251325,0.8732128269463393,0.12561982511433414,0.0011673329722095903,audio_710.wav
45.0,0.03643876627512697,0.031069946239283493,0.669036865234375,21.244539002453287,0.20250097569579958,0.4375,0.5625,616.0,792.0,2148.002082165843,1339.6569928971553,1561.5172258718987,500.04025778440837,1616.7103160511363,2072.820339952783,0.13625280557475916,0.2350172727133199,0.821543841532265,0.16726523342309244,0.01119087820553461,audio_246.wav
45.0,0.08913989713914443,0.07003698231554985,0.93609619140625,127.13474019163598,0.13769880235944773,0.515625,0.484375,726.0,682.0,1806.627757224595,837.9395249511756,1683.8351024906297,404.29935785330844,1578.2581676136363,1605.2001187142548,0.01641583767626243,0.03262284757231102,0.7796841547619032,0.20911533033157007,0.0112005066254865,audio_490.wav
45.0,0.06295348529722096,0.054308939080561856,0.968231201171875,63.41026097707864,0.1962836059494527,0.36363636363636365,0.6363636363636364,512.0,896.0,2071.536284024782,1516.5699211802842,1445.5772453293062,550.2484788247403,2032.137784090909,2305.6005876788213,0.06574397900354616,0.132051658200008,0.7581424345810205,0.23855818192110884,0.0032993671662998013,audio_657.wav
45.0,0.0467051088174717,0.040669076185651166,0.4232177734375,34.90187503442996,0.13866963704116256,0.38707386363636365,0.6129261363636364,545.0,863.0,1718.5844664099218,1148.1857474458602,1551.1718529200784,509.17232917390874,1431.2078302556818,1913.4763218977334,0.08711171601596053,0.1355602003654064,0.8001440335966347,0.19872939928172384,0.0011265394936065762,audio_688.wav
45.0,0.0646488830660537,0.05395510098733453,0.612335205078125,66.87164930701256,0.172761351057432,0.48011363636363635,0.5198863636363636,676.0,732.0,1936.2846314632109,1426.9295716084712,1602.2859455416308,539.8181695839146,1864.779385653409,2248.884697435505,0.04490515383693607,0.07365711381089507,0.8636873723218724,0.13142603366955516,0.004886580565129996,audio_698.wav
45.0,0.05533146600280356,0.05040081769489977,0.99151611328125,48.98513808031049,0.12515642382836642,0.25355113636363635,0.7464488636363636,357.0,1051.0,1530.056146718683,743.8179134710277,1466.8389509191093,727.5856547021921,1316.9389204545455,1157.073333829959,0.06717825625253261,0.07698842505291104,0.42801304631630677,0.5715377610007162,0.0004491627074329955,audio_499.wav
45.0,0.06003658113263306,0.0530875894531192,0.98223876953125,57.67025718552371,0.1818752526045175,0.35298295454545453,0.6470170454545454,497.0,911.0,2046.2251183091414,1035.5237922593724,1738.419898758636,493.63949647572,2002.6300603693182,1729.236190335273,0.07931809462686058,0.0933878112244625,0.8233190532537823,0.15998751439757022,0.016693414474776572,audio_463.wav
45.0,0.06856991046866269,0.0569954839385842,0.9364013671875,75.22932194688669,0.15839466443703393,0.44673295454545453,0.5532670454545454,629.0,779.0,1822.3727996314121,1116.4803833074513,1581.5741273167462,488.1306782271372,1751.3316761363637,1877.898768201367,0.021266110844683904,0.0359981180154518,0.7886520173243239,0.2045934826599827,0.0067544865113017445,audio_604.wav
45.0,0.020346801967103124,0.01668551921928562,0.338409423828125,6.623877604616185,0.14521617391135266,0.6619318181818182,0.33806818181818177,932.0,476.0,1676.3935328049715,1075.1445636855624,1320.9617630973173,411.54282115499234,1720.9250710227273,1644.8932149836935,0.033613625933379174,0.06132106961622447,0.6821590885911619,0.304227666200863,0.013613063881076488,audio_97.wav
45.0,0.0547004491085102,0.048664542248865704,0.6722412109375,47.874226122763424,0.19856277578163303,0.2606534090909091,0.7393465909090908,367.0,1041.0,2166.761518251798,1298.5812124365111,1793.9847513555758,604.0222514447422,2196.7995383522725,2052.7330761469293,0.09369504535922837,0.10355081713499739,0.7103377641009071,0.2845846993037306,0.0050775133220828175,audio_234.wav
45.0,0.058461651741978794,0.04894266298848239,0.67864990234375,54.68423559040659,0.20672806490009013,0.5248579545454546,0.4751420454545454,739.0,669.0,2118.867220133131,1581.2738046514296,1503.5446591484945,709.8397721741094,2339.7327769886365,2709.71859932574,0.1083993182971704,0.17484833280005274,0.9343593322640483,0.05776536491137387,0.007875287812933434,audio_782.wav
45.0,0.04573051671119115,0.039890174736962894,0.684906005859375,33.46048253876054,0.23251490627070315,0.4552556818181818,0.5447443181818181,641.0,767.0,2446.364362116835,1219.6390490295848,1858.59409965516,381.51229035763913,2073.2310901988635,2298.3505001253443,0.1293577397435825,0.22788085938147634,0.8904678879508173,0.10150945314709242,0.008022632486593916,audio_758.wav
45.0,0.07370794695601332,0.0621831152056525,0.889007568359375,86.92578311152756,0.12237794774714965,0.42826704545454547,0.5717329545454546,603.0,805.0,1649.9128671000442,948.8492861332109,1541.7514355515925,570.3069206448502,1294.8219992897727,1446.3854022965402,0.03213440011441906,0.05493862600697553,0.8104538075242995,0.1823597843982022,0.007186396716992598,audio_727.wav
45.0,0.03046139951347443,0.028994776187681343,0.96734619140625,14.846349765112002,0.07220426695037077,0.05894886363636364,0.9410511363636364,83.0,1325.0,1287.58209171731,428.7274006039186,1572.4578168196897,288.94515509569675,679.2879971590909,778.626084537453,0.012690724883433525,0.01720050344841248,0.9426025289723748,0.056153507576743804,0.001243912228865994,audio_643.wav
45.0,0.03349514984971027,0.028830686777527672,0.668701171875,17.950801015272738,0.18928012400017222,0.3224431818181818,0.6775568181818181,454.0,954.0,2069.835307320646,1330.6749003054306,1793.6725271628027,563.9626228703646,2287.5532670454545,2479.2314458211977,0.11338465665591503,0.16268100151712075,0.8599667670536401,0.1362693127090115,0.003763869904237326,audio_261.wav
45.0,0.07334392731352056,0.05886826646305677,0.7222900390625,86.06930678033581,0.1219203082226503,0.5944602272727273,0.4055397727272727,837.0,571.0,1154.3875002518353,692.624023331991,918.3265228434916,331.88041366497407,1189.6417791193182,1285.7701682906518,0.044988811851463646,0.10362625710312552,0.9491126758194679,0.047528972572088345,0.003358342624681104,audio_205.wav
45.0,0.007080721794937636,0.004957648075676533,0.0550537109375,0.8021859381968777,0.08103691810683071,0.7713068181818182,0.22869318181818177,1086.0,322.0,1453.5167177979513,863.1141185420363,1616.177667858058,412.5611547010787,868.0641867897727,1338.781065624316,0.021999463435214604,0.04175380802549698,0.9578096553580563,0.03869620499612251,0.003493193181296435,audio_128.wav
45.0,0.08593625091541453,0.07151996877856406,0.93359375,118.16062754235334,0.11187376649134236,0.4822443181818182,0.5177556818181819,679.0,729.0,1452.042132609943,1204.9550275836073,1409.9964011973968,503.3175532976929,1237.9594282670455,1775.1490269178958,0.0150965825713601,0.04065967748573714,0.8948750335534222,0.1019430921281991,0.003181867149437746,audio_650.wav
45.0,0.04322232049878743,0.03794519272061711,0.626190185546875,29.8907038287984,0.16410092236239218,0.31676136363636365,0.6832386363636364,446.0,962.0,1736.9750542767326,836.6200316085992,1185.0858358617882,548.5625801198722,1709.9831321022727,1321.3849401729476,0.047715970732019365,0.15817466899304394,0.054655691650245634,0.9193408481662873,0.026003388559643157,audio_35.wav
45.0,0.04040002293579561,0.03684578806714762,0.663360595703125,26.114589651404984,0.306958065219535,0.28267045454545453,0.7173295454545454,398.0,1010.0,2937.2972777149575,1337.4114839033275,1887.1959243488018,406.9578795037675,2914.6284623579545,2765.432582176821,0.16849204334367024,0.2189417497982434,0.8155468398189311,0.16727929143511033,0.01717382882406196,audio_141.wav
45.0,0.04289693163532898,0.03811103407325734,0.715667724609375,29.44234789961742,0.14619742527420176,0.29048295454545453,0.7095170454545454,409.0,999.0,1867.0640811912613,1122.2447865796728,1682.0790818264616,639.4297992146214,2166.1265980113635,2305.73542739097,0.11013577969901714,0.15776390694945025,0.8675601561149204,0.1307536181522848,0.0016861960495021234,audio_260.wav
45.0,0.06454314669798013,0.05510458414480956,0.93365478515625,66.65308457083172,0.2315287937899914,0.4240056818181818,0.5759943181818181,597.0,811.0,2285.3853429868427,1253.5575631139654,1588.2266021162234,409.72736655086203,2588.6341441761365,2019.7315522246004,0.04575265990632618,0.0614301322473824,0.4912187641222486,0.4654490269421392,0.043332184203891747,audio_722.wav
45.0,0.13515790667681635,0.08388911839928113,0.949981689453125,292.2825557961439,0.45276590661931476,0.9992897727272727,0.0007102272727272929,1407.0,1.0,3869.8610137379655,203.73288485648928,2354.052510527316,62.15863631837765,6442.038796164773,732.3279050124798,0.4959886820927928,0.10548875276270973,0.5796900982328341,0.2619938347365048,0.1583160593923734,audio_5047.wav
45.0,0.06353560771410434,0.049462600951585604,0.90484619140625,64.5883751616089,0.22286697620413362,0.609375,0.390625,858.0,550.0,2583.2232020268802,1489.952085544869,1771.8132166859295,458.2618505822342,2642.4116654829545,2399.565421488078,0.029299214620077296,0.052161588216062094,0.6825676810471205,0.2803537581707435,0.0370785399017973,audio_324.wav
45.0,0.06967679427181835,0.057411319172983914,0.79144287109375,77.67769055995676,0.15941688807901122,0.453125,0.546875,638.0,770.0,1744.9174633493537,1262.2674408501557,1436.2659377295627,494.2338202715575,1698.4974254261363,1898.7058027893677,0.04271915331300012,0.07472287468039931,0.9268516096877708,0.06849382344070282,0.00465455643697209,audio_279.wav
45.0,0.06710553049885579,0.05869685608443923,0.874847412109375,72.05043557652583,0.10176680800945558,0.30823863636363635,0.6917613636363636,434.0,974.0,1328.7419816890272,706.7891066828602,1356.6821656817397,419.1973658541834,1076.4382102272727,1184.8930392343382,0.015391655536519245,0.03042990167710795,0.7744449527465909,0.22262609111250875,0.002928942169387719,audio_450.wav
43.14,0.06429687582117403,0.05398180271429466,0.823333740234375,66.1454118458156,0.10835159995305974,0.48074074074074075,0.5192592592592593,649.0,701.0,1650.9663655459656,873.7186431080028,1668.403521621241,505.11958497722367,1201.1574074074074,1568.43067710381,0.04096519835574221,0.074015093900389,0.7881884768422358,0.20710015132477058,0.004711356679638168,audio_32.wav
45.0,0.04946634258727562,0.044991107772706394,0.6871337890625,39.15070478338748,0.11466821481696503,0.24076704545454544,0.7592329545454546,339.0,1069.0,1427.063226189602,922.89479661766,1424.268209086299,434.06961706413887,1180.5419921875,1528.4501157178177,0.041190507572994556,0.0705092826184315,0.7082093676257298,0.28917298973409705,0.00261761457682403,audio_254.wav
45.0,0.08493035564877842,0.0742381454974157,0.943267822265625,115.4106449700478,0.12621406418620026,0.3650568181818182,0.6349431818181819,514.0,894.0,1505.8325592097112,694.6113512542296,1354.5981460711619,407.6451392935105,1346.5021306818182,1095.7694550373092,0.029395108738249152,0.04331338703951438,0.7927590931848083,0.20315587245845193,0.004085025744234003,audio_544.wav
45.0,0.05766145604533767,0.0495356554817864,0.666748046875,53.19749621229453,0.3094907076259828,0.39204545454545453,0.6079545454545454,552.0,856.0,3040.671047111878,1423.2890386159302,1854.7639452008696,393.5709579226743,3420.5211292613635,2577.6068529072477,0.0846487241727387,0.12669176281013378,0.8226030515245591,0.14630816699845003,0.031088760556781395,audio_176.wav
45.0,0.014503778083389136,0.01131243464503835,0.2437744140625,3.3657532590751846,0.06416953356879662,0.4055397727272727,0.5944602272727273,571.0,837.0,1168.144158552683,826.9628695422036,1405.5792315907017,462.3578088100063,695.6787109375,1166.738508242424,0.005733494349082963,0.014179792521248883,0.8419469613196545,0.1513777692467037,0.006674991283475703,audio_301.wav
45.0,0.09248227653919279,0.07795349041610786,0.946685791015625,136.8475435819477,0.11763419115859883,0.4758522727272727,0.5241477272727273,670.0,738.0,1194.0018717442565,856.6964006307213,798.7434449253965,538.332839732266,844.6044921875,938.342349608629,0.12319245117098515,0.2694088448110496,0.8888946748539739,0.1086903853279502,0.0024149335941521435,audio_213.wav
45.0,0.05467625395609603,0.05020408234124397,0.978912353515625,47.83188394674411,0.22593989713874602,0.21732954545454544,0.7826704545454546,306.0,1102.0,2670.094538001558,1470.5215284229196,1546.965444486252,457.6691927298891,2533.0588600852275,2277.640069776443,0.13047137012957674,0.2757187364745356,0.47591757756834296,0.4477993861710227,0.07628299718731085,audio_295.wav
45.0,0.012299655103671998,0.010637775853123295,0.12451171875,2.4205042507085537,0.14963840227555872,0.4367897727272727,0.5632102272727273,615.0,793.0,1768.4338950143976,1176.4965470474654,1636.385737414574,585.6318059042134,1845.3147194602273,1984.6956983205364,0.08974441836784189,0.11971690010333737,0.8694857258161852,0.12896973380863547,0.0015441808589887526,audio_40.wav
45.0,0.03880050201218699,0.03281785510311288,0.667510986328125,24.08766330236362,0.1319112943212421,0.38423295454545453,0.6157670454545454,541.0,867.0,1631.713766308243,614.0829792018818,1546.9365030603776,265.5655924231384,1417.4915660511363,1109.2366804604515,0.02307590701742973,0.024014202345507028,0.7086888536018507,0.2755997773567173,0.015711319976299203,audio_496.wav
38.88,0.01132848770507189,0.009527602190960048,0.1839599609375,2.0533541389434395,0.13581233251725264,0.5271381578947368,0.47286184210526316,641.0,575.0,2320.9840731964955,1391.9328489639702,1750.7564568801447,500.9850001535534,1299.1750616776317,1869.5136209358343,0.23302432161836142,0.3787293487373913,0.8212485909936694,0.16923551862978864,0.00951541036395525,audio_45.wav
45.0,0.04579891246379418,0.03943414493431507,0.697418212890625,33.560646125860515,0.22972393017212525,0.4367897727272727,0.5632102272727273,615.0,793.0,2240.9567996714504,1428.591617962393,1594.9520401876323,476.5565042185889,2463.589754971591,2385.732736600196,0.07429224560884089,0.12502815062591158,0.8494661939401634,0.09336434700807285,0.057169422156628756,audio_146.wav
43.9893125,0.059111524616623744,0.05297884479752713,0.9437255859375,55.90675748002745,0.17741479452366202,0.24636627906976744,0.7536337209302326,339.0,1037.0,1972.2122911509489,1214.3995292587242,1565.814351798232,509.52092265673656,2014.3531976744187,1980.8624931346487,0.0625981708954006,0.08059107113381932,0.8516059608116434,0.14484067855134594,0.0035533444403878334,audio_415.wav
45.0,0.0720655463085996,0.061140899462449154,0.886932373046875,83.0950874361106,0.16399258887859566,0.41761363636363635,0.5823863636363636,588.0,820.0,1963.7732728227188,1178.698358995201,1613.690575215486,450.10452749163466,1867.4760298295455,2001.8350470949213,0.02172108840082068,0.03565715056280346,0.5393539752861299,0.4440350954974997,0.016610912148423078,audio_595.wav
45.0,0.06939624601725738,0.05868442489876681,0.85125732421875,77.05342338060339,0.12540781306640703,0.45667613636363635,0.5433238636363636,643.0,765.0,1308.275699939846,950.6778686324428,1096.4698505984413,513.8010146835121,997.3255504261364,1237.7613355157616,0.05562657322423969,0.1803317500881785,0.7666588045405678,0.23165310997604982,0.00168807230678394,audio_783.wav
45.0,0.04504978717183061,0.03995993382755612,0.5863037109375,32.47173318763574,0.11436126994620825,0.359375,0.640625,506.0,902.0,1211.9514053489795,687.0607252424101,1105.1983029750022,423.1929641803335,1284.7123579545455,1151.1142552284628,0.014837125060287353,0.02760138110648109,0.8148212863613699,0.184705083755273,0.00047360092242203005,audio_673.wav
45.0,0.030337088778872704,0.025982660544759218,0.455841064453125,14.725423289235268,0.16501620141139084,0.4197443181818182,0.5802556818181819,591.0,817.0,1910.7530993854823,1129.1116194649771,1597.7748535265246,460.115717993423,2012.0627663352273,2062.187394655162,0.07257725996203165,0.11316668079250772,0.6330406650762092,0.36332292129987476,0.003636331407656454,audio_48.wav
45.0,0.06672186590065338,0.06125379119017464,0.95098876953125,71.22891822823634,0.13308907373482462,0.2421875,0.7578125,341.0,1067.0,1831.664033276381,1125.614641519645,1722.1251552733586,375.52662676599584,1451.0498046875,1904.7450013619866,0.038646930203434834,0.05329415611816509,0.8868690761525124,0.1077342778967631,0.005396633709307808,audio_777.wav
45.0,0.04840010912201413,0.042597087157948674,0.597137451171875,37.481129008366004,0.10617028634761992,0.4005681818181818,0.5994318181818181,564.0,844.0,1441.7138659908119,1043.9067101634707,1173.342919286946,643.0687707937742,1019.3093039772727,1279.1767620620362,0.23255281656040447,0.39302132475392343,0.8381597939066653,0.15328933686065951,0.008550843604280132,audio_330.wav
45.0,0.0411679068793337,0.03683732127811573,0.548919677734375,27.116744909207853,0.145268951762433,0.35511363636363635,0.6448863636363636,500.0,908.0,1549.8138852548911,657.2176524509205,1236.85591653937,383.791924206302,852.5168678977273,1148.4333288535531,0.17637037825136262,0.23839549983403144,0.8748893571592152,0.11822872776497101,0.006881882089730247,audio_200.wav
45.0,0.04381257451181148,0.03918199206123019,0.714691162109375,30.71266696564853,0.14073213990574987,0.2741477272727273,0.7258522727272727,386.0,1022.0,1852.1193438218086,1122.176907772599,1672.8393471666866,633.186842288164,2158.358487215909,2296.416656899458,0.11524984952561242,0.16431729606177653,0.9102024720621525,0.08866379288377672,0.0011337087824319536,audio_259.wav
45.0,0.0473020369259438,0.0419647585715386,0.69207763671875,35.7997231574936,0.12594253603130004,0.3721590909090909,0.6278409090909092,524.0,884.0,1613.0806832185647,835.3796019356236,1572.2269000251983,406.97912024412165,1383.3784623579545,1473.410917587443,0.02968076872453277,0.043842105640541744,0.9105843260717179,0.08359091607844364,0.005824734332220504,audio_721.wav
45.0,0.04736329279856579,0.041287193867574956,0.9464111328125,35.89250407556279,0.14417589468874262,0.38920454545454547,0.6107954545454546,548.0,860.0,1391.5838145483017,562.4375193822256,1044.1618612365796,245.25939788618945,1563.9537464488637,1073.0690848682286,0.014813788243265265,0.029854349415114913,0.8414465221762373,0.13866157798626166,0.01989187132431864,audio_223.wav
45.0,0.04684668528795976,0.0379251276156939,0.640045166015625,35.11379075950632,0.2727239898944304,0.5539772727272727,0.4460227272727273,780.0,628.0,2780.878544507363,1547.5800439357529,1757.6085581912287,438.096203039738,2827.692205255682,2602.420413855861,0.06409620835056382,0.11847016558501242,0.7697031289518315,0.18283495417781537,0.04746188014835322,audio_175.wav
34.3253125,0.0600229347735045,0.05431210292247918,0.9188232421875,57.64404318119,0.21606179124696834,0.2467411545623836,0.7532588454376163,265.0,809.0,2343.491956900259,1121.8076574972704,1651.011459014029,460.89370366084745,1383.4380819366852,1775.0358416614897,0.22216459228784768,0.3138672317329025,0.8801531138161159,0.10438830456316163,0.015458565185638488,audio_400.wav
45.0,0.06246718496508233,0.051266220932206195,0.549285888671875,62.434387159388926,0.13704185700257918,0.5007102272727273,0.4992897727272727,705.0,703.0,1816.3928384678788,899.964943495984,1731.137244349321,366.0809367448407,1476.6956676136363,1603.5319476939849,0.03248736604318247,0.04592617604086585,0.8925212547812598,0.1025500844113193,0.004928647033497778,audio_506.wav
45.0,0.07559345538690267,0.06493472745464086,0.968597412109375,91.4299279573063,0.11478627053648685,0.41051136363636365,0.5894886363636364,578.0,830.0,1437.499357568703,922.967395728774,1431.1822871417603,441.50090915391036,1182.6837713068182,1380.6741600452171,0.030558635845185287,0.041241681844335215,0.945084271130732,0.05375070973304608,0.001165010766761079,audio_153.wav
45.0,0.13348371105152979,0.08373133587185948,0.95001220703125,285.08641785741264,0.44654506464592314,0.9992897727272727,0.0007102272727272929,1407.0,1.0,3818.5487023834735,254.38068144278586,2367.8342635409444,72.54554913552636,6359.141956676136,908.943663330511,0.49221547742426525,0.10709115968046115,0.6511980944826209,0.21807747003924075,0.13072442858594022,audio_5050.wav
45.0,0.050246079335268964,0.043668758426142276,0.63909912109375,40.394695817058285,0.1722064891756794,0.3288352272727273,0.6711647727272727,463.0,945.0,1941.9587692805594,1210.6614551947257,1583.4160192803809,473.2759270165866,1936.4679509943182,2055.736575140699,0.08007663002109819,0.12368751689577617,0.9434951340643928,0.052623607126736666,0.0038812394024538032,audio_281.wav
45.0,0.08353270268844704,0.06846402411407762,0.922119140625,111.64339869498379,0.16130022402808894,0.46448863636363635,0.5355113636363636,654.0,754.0,1890.1567290086803,1223.1126835609193,1624.4789061536721,479.93208445572947,1727.4391867897727,2026.0906963045375,0.019394710469097017,0.03811569989782104,0.7178446079815753,0.27360909911415854,0.008546282857273461,audio_543.wav
45.0,0.07884120454775849,0.06265663521379357,0.5255126953125,99.45496855266393,0.08351400488056233,0.5553977272727273,0.4446022727272727,782.0,626.0,1126.506303661498,727.8160492278881,1243.1546697399783,622.2396462202685,853.9706143465909,1048.1921461913419,0.019969282972959464,0.05537211476121314,0.7983291181434682,0.201407506168618,0.00026336603918704186,audio_445.wav
45.0,0.025903745450809448,0.020946526337369688,0.2711181640625,10.736064454085296,0.11585641091168182,0.5262784090909091,0.47372159090909094,741.0,667.0,1647.6595602814493,794.6706488050818,1621.0794023350245,439.26182816309654,1161.5212180397727,1391.3630087952515,0.028164424307164794,0.049489895239453456,0.414911838366164,0.5783779486245032,0.00671007117519128,audio_124.wav
20.84,0.012703753810405392,0.011006467537644386,0.157867431640625,2.5821657740062323,0.06774552466868003,0.2787136294027565,0.7212863705972434,182.0,471.0,1174.4744120696948,637.422223265658,1455.5311749630096,401.31480598371564,710.4709035222052,1066.1691968818357,0.0065648216025224635,0.0202690420573565,0.4768491965136404,0.5158879062122377,0.007262339265766397,audio_249.wav
45.0,0.12032985080676803,0.09695989198355692,0.942779541015625,231.66836792286486,0.12948073538991026,0.5625,0.4375,792.0,616.0,1597.7294595535152,1101.297885477205,1556.6549992670828,511.65044512786903,1409.1796875,1813.4851200108956,0.025183603198747188,0.04111422180244993,0.9039430311514981,0.09270027807804877,0.003356687160287654,audio_420.wav
45.0,0.06121339045507047,0.05445134223787604,0.95208740234375,59.9532667360786,0.13220087805677508,0.390625,0.609375,550.0,858.0,1581.0425347725798,691.6212805973341,1211.0668280934663,390.03084597598763,1137.7175071022727,1137.158228544321,0.1643650584598573,0.31642994149760684,0.7637135038808008,0.22372275907830885,0.012563718958386053,audio_203.wav
40.8746875,0.0752095735788253,0.06784981404093365,0.953033447265625,90.50367932653977,0.07796707615054572,0.24315871774824083,0.7568412822517592,311.0,968.0,1262.973459219749,825.0422782128812,1419.3318831730915,628.8032487230255,748.0453479280688,1197.8398755859812,0.06780461486651845,0.12048888585116253,0.9579067210604424,0.041614801734295666,0.00047846899910280566,audio_278.wav
45.0,0.062197915815449575,0.052767919674322664,0.936676025390625,61.89729170857204,0.15869188707206539,0.2713068181818182,0.7286931818181819,382.0,1026.0,1997.9829982093831,1568.8996099780254,1514.5236470397444,663.8823265929633,1630.1158558238637,2235.9526678804896,0.1077057675048577,0.2735903021017887,0.7544564967209635,0.2393031577327934,0.006240328489255295,audio_516.wav
25.344,0.07016742324669893,0.058203189612460224,0.935211181640625,78.77547656130216,0.16469915142428046,0.47793190416141235,0.5220680958385877,379.0,414.0,1954.5671120480467,1125.5130772930654,1679.3477048604793,436.3066407273225,1841.8387452711222,1910.050884703904,0.021973411034465547,0.0413308292496181,0.7928142510797938,0.19275394510670346,0.01443179041730711,audio_326.wav
45.0,0.08313088011730022,0.06717369079491244,0.9085693359375,110.57189166523102,0.17827941427696428,0.59375,0.40625,836.0,572.0,1903.0361586075235,1349.787927477421,1523.4858690134768,546.6916606028759,2019.375887784091,2154.4760687700796,0.02694907231225576,0.046396708753423124,0.8563963146935629,0.1388978527034357,0.004705824376131029,audio_603.wav
45.0,0.046874521268294625,0.04060835215717728,0.575439453125,35.15553190610889,0.13677032884767895,0.4559659090909091,0.5440340909090908,642.0,766.0,1448.8716543430523,687.5205716268346,1136.2343520949948,401.68876586510885,920.166015625,1125.7820229025003,0.14172668598377955,0.24223201699132546,0.8957162546713027,0.10118691332451035,0.0030968079870337143,audio_199.wav
45.0,0.06406833028238919,0.057669156905637974,0.947479248046875,65.67601512277292,0.1708807928899901,0.16264204545454544,0.8373579545454546,229.0,1179.0,2139.518675369757,1120.113416980746,1836.2219012400033,553.3548169968992,1968.994140625,1984.81568240277,0.06806675746968817,0.09283917189382605,0.821992075538064,0.1722132470152726,0.005794662842549606,audio_406.wav
45.0,0.0611163872703339,0.05001416056971482,0.898101806640625,59.76340468763891,0.11048001455557577,0.4169034090909091,0.5830965909090908,587.0,821.0,1490.6027021778275,702.5232629228988,1366.1718205296152,472.7527940770232,1310.879794034091,1200.0366249271929,0.01101992341194215,0.022340845967418428,0.8503473468341953,0.13276285482596337,0.01688978174564157,audio_538.wav
45.0,0.06960990550016637,0.05917235841907882,0.946258544921875,77.52862309987346,0.09951611043904228,0.45951704545454547,0.5404829545454546,647.0,761.0,1195.3666100200576,753.4947187878963,985.817708176854,539.280302501071,766.6015625,879.7149944643917,0.1169092066635006,0.25585749462219487,0.8874080109810294,0.11145103222508917,0.001140945906807523,audio_631.wav
45.0,0.13601236174565043,0.08349920623737268,0.95001220703125,295.9898007620747,0.4452978406914454,0.9992897727272727,0.0007102272727272929,1407.0,1.0,3863.9206424083663,169.09728160392456,2360.3110644459794,61.01069758326767,6443.348277698864,669.9407368191237,0.48971248399773226,0.10066014724862776,0.5889655430506664,0.25564014709866373,0.155394302416129,audio_5061.wav
26.47475,0.05720835034020457,0.04881515133998471,0.8026123046875,52.36472557836135,0.17358679871103294,0.4487334137515078,0.5512665862484922,372.0,457.0,1577.839369970153,524.6490396082335,1098.6991940711337,180.31921306466094,2015.3611278648975,1239.2568537956113,0.03041682641873692,0.055057304149551026,0.7770015852653842,0.21004463546218932,0.012953758873785458,audio_196.wav
45.0,0.060324028615801155,0.051859279314160685,0.8167724609375,58.22381485503995,0.20235583660532863,0.44673295454545453,0.5532670454545454,629.0,779.0,2171.273067867132,1159.32552302967,1764.7882381550648,399.3290680190991,1795.3324751420455,2044.6290327243044,0.09475852197465046,0.19412506174202915,0.8780609189279268,0.11521866915395647,0.00672039657781271,audio_756.wav
45.0,0.06971969898628236,0.058983251892495,0.699371337890625,77.77338282780515,0.12543906310980987,0.4524147727272727,0.5475852272727273,637.0,771.0,1512.3363851106901,1424.8682557757347,1372.146947387908,498.73157373227673,1338.8893821022727,2021.975116238366,0.01503255015012211,0.03456772099733301,0.9130835240428888,0.08365298334191722,0.0032634820425591305,audio_649.wav
45.0,0.009713527108660715,0.00822362263212273,0.111480712890625,1.5096417422509856,0.2217801691391238,0.44957386363636365,0.5504261363636364,633.0,775.0,2218.194388644301,1135.8071432075683,1624.7482950162992,407.6526079189157,2329.434481534091,1921.4149983928842,0.07242998976745048,0.09539983578902406,0.8492955765078655,0.1408808723436014,0.009822922596477626,audio_27.wav
45.0,0.0583392797018771,0.053309450945377125,0.95196533203125,54.45554489814159,0.19046762564948008,0.25426136363636365,0.7457386363636364,358.0,1050.0,2343.590994258577,939.3647709080625,1911.5970052475996,463.51206564110964,1336.392489346591,1997.52050530567,0.26415447360210825,0.2702042712820687,0.5146792984768181,0.4729185647482601,0.01240211080925144,audio_681.wav
45.0,0.07190351336494577,0.06510567061504588,1.0,82.72184374756696,0.1846808120566834,0.3125,0.6875,440.0,968.0,1998.5514525928863,931.5465334928006,1631.3384837895064,380.4563530353924,2111.2282492897725,1718.4582772586614,0.06330513247952609,0.0671757841740793,0.9323496406134734,0.05881623661120014,0.00883411266568279,audio_556.wav
45.0,0.05024438926781534,0.044494383183916755,0.6793212890625,40.39197844633212,0.08619039748666317,0.328125,0.671875,462.0,946.0,1029.6063649496516,442.6363516203046,1004.9854467291334,277.34081192434985,839.0225497159091,884.4213320572197,0.007902084130645925,0.00920108634632551,0.9286439151196836,0.07075824938071665,0.0005978161325407306,audio_185.wav
45.0,0.06192992417333274,0.050942906424751765,0.935394287109375,61.36504812983589,0.15876133161296058,0.3387784090909091,0.6612215909090908,477.0,931.0,1829.4801726988414,1144.455933893718,1563.0896517907242,491.4766714298832,1621.9926313920455,1843.4739969953355,0.02732092497382343,0.043698852950983476,0.8031433989500348,0.19188905670113426,0.004967528337359151,audio_369.wav
45.0,0.05171141496417008,0.04417396168794095,0.66534423828125,42.7851270015455,0.20170028013927796,0.3721590909090909,0.6278409090909092,524.0,884.0,2120.0918423064572,1182.5722107122026,1478.374212024155,428.05143479475646,2104.9027876420455,2013.7849180294481,0.052238027428201855,0.12099699228953098,0.6361495602969148,0.3474369952459911,0.016413414588482632,audio_241.wav
45.0,0.024339724583563784,0.022072174197846278,0.3475341796875,9.478755084859829,0.1916787384426923,0.3046875,0.6953125,429.0,979.0,2129.243107432681,971.9805039172874,1742.4364770885097,496.3270196007714,2298.4175248579545,1850.8921052847263,0.11097987140899558,0.12343828497650569,0.8058444347139355,0.18638292782878013,0.007772532152145558,audio_98.wav
45.0,0.06226992187407167,0.05058784228326904,0.958099365234375,62.04069072324783,0.18244261450363125,0.5873579545454546,0.4126420454545454,827.0,581.0,1746.4461383533753,1274.8829837933354,1242.639623655826,603.6917139767606,1863.6363636363637,2201.823999291123,0.0921126396610359,0.18254317328651967,0.9297736271670783,0.06243379646019674,0.007792563077813623,audio_389.wav
45.0,0.0508465386681088,0.04426382782544692,0.621673583984375,41.36592791243974,0.1381585252201739,0.4034090909090909,0.5965909090909092,568.0,840.0,1958.804262604704,1146.3410061406605,1857.307703356408,514.8882364000717,1382.5128728693182,1884.7476614195398,0.04232740060826872,0.06101472893549806,0.8012252944013073,0.192715607535292,0.006059074138289049,audio_357.wav
45.0,0.04151034383075828,0.034221825754130755,0.49066162109375,27.569738319164347,0.12950920765167728,0.5042613636363636,0.49573863636363635,710.0,698.0,1515.4505634550164,862.5504457443373,1376.985305678655,439.38755656323065,1438.1547407670455,1554.0597080934217,0.042063296087867734,0.07208261460134778,0.8441703809639002,0.154424037730951,0.0014055484029301905,audio_112.wav
45.0,0.0973133524274973,0.07978293640169576,0.973968505859375,151.51821697085268,0.1632391156098828,0.5220170454545454,0.4779829545454546,735.0,673.0,1907.5028858872602,1448.7613450943338,1500.261791115958,480.821249523564,1833.0189098011363,2213.145774729103,0.04566457274013444,0.07859780104184252,0.8995215502593326,0.08417586822923753,0.016302575434582106,audio_675.wav
45.0,0.01782259928679108,0.014877720158415582,0.30364990234375,5.082320725400415,0.21867322037947276,0.44673295454545453,0.5532670454545454,629.0,779.0,2485.0315605133346,1252.7308922341413,1912.50998783852,402.49072612570194,1577.3703835227273,2269.9002660364013,0.20279869872027473,0.2627568476373701,0.889381087763182,0.05926584062246257,0.05135284396788249,audio_113.wav
45.0,0.08319924513719199,0.06809579266966918,0.80517578125,110.75383026237704,0.12184808590011931,0.4637784090909091,0.5362215909090908,653.0,755.0,1653.0460923322898,868.809883216431,1505.65640080078,546.1371381285974,1381.3698508522727,1471.329038590444,0.03997220833037752,0.06847318264768211,0.7182638045175158,0.2783483715057247,0.0033878141136279498,audio_483.wav
45.0,0.04266257329679873,0.0367332793282828,0.72308349609375,29.121522564875583,0.11818488636789773,0.3544034090909091,0.6455965909090908,499.0,909.0,1509.7937362266532,745.8405313442943,1548.639972201818,315.92011442223736,1273.92578125,1293.9717866207864,0.02891478886643999,0.034544699739647675,0.9319892510829155,0.06245714610777801,0.0055535749622124654,audio_474.wav
45.0,0.06884840784518415,0.05936738696957196,0.70526123046875,75.84165220506904,0.09726194064158422,0.4225852272727273,0.5774147727272727,595.0,813.0,1279.2554434362403,921.8346208914256,1246.151827043561,569.5444618364427,975.1420454545455,1410.3697178589582,0.007786241803323551,0.01851141183714374,0.7173383461229731,0.2812388075712852,0.001422832080794231,audio_725.wav
45.0,0.07121657090694591,0.06341726065089913,0.940521240234375,81.1487995479049,0.15130715459327027,0.30610795454545453,0.6938920454545454,431.0,977.0,1712.1174755759807,953.3454966880042,1522.6881543148068,564.4905643575125,1590.8979936079545,1425.4150279174219,0.0625459486590004,0.06440382225323756,0.8721634007155739,0.12646125071626968,0.0013753378727829374,audio_774.wav
45.0,0.07836336145883462,0.06556011510438803,0.93914794921875,98.25306270604746,0.09142582142475197,0.3877840909090909,0.6122159090909092,546.0,862.0,1386.105186182165,874.7531191655686,1480.1813735731773,520.7828080913773,863.3034446022727,1261.1942847332368,0.021372033853796643,0.03592744861348397,0.9071683072765232,0.09155012065629688,0.0012815637402036192,audio_588.wav
45.0,0.0848548786356092,0.07222131731716364,0.9366455078125,115.20560685222348,0.0925876285939286,0.3828125,0.6171875,539.0,869.0,1248.311508376791,911.0646835031059,1217.9083962598174,524.4130681035989,985.9286221590909,1348.8861112204183,0.010685182569945583,0.02273087954179415,0.8256767559008775,0.1733494650705973,0.0009737709583507228,audio_395.wav
45.0,0.11170043050598287,0.09234787228775299,0.999969482421875,199.63177880355053,0.1112702934309631,0.5369318181818182,0.46306818181818177,756.0,652.0,1168.2456652955852,595.3146468652237,959.2411085396755,255.526729448752,1142.178622159091,1106.80542778826,0.0032774661016593013,0.021534203248697262,0.8363457435008722,0.15988897604011457,0.003765275792786957,audio_210.wav
45.0,0.05972728559155183,0.051424223789813414,0.57843017578125,57.07757830615673,0.10562792448322846,0.4666193181818182,0.5333806818181819,657.0,751.0,1461.6943313077318,994.172772572789,1231.2882800776642,605.779390944283,1052.8120561079545,1289.0718967029336,0.17470046105161566,0.3450660013082269,0.8613158982037599,0.13281681290259614,0.005867272968873773,audio_309.wav
45.0,0.07549604030830094,0.0629537479934841,0.934783935546875,91.19443363572161,0.1052529239623944,0.3913352272727273,0.6086647727272727,551.0,857.0,1378.5748270067074,653.9703210062802,1315.0458440052726,408.2989543988746,1023.3931107954545,1024.1649185178844,0.008293889295586238,0.0189512004246147,0.3962300335056166,0.6004799166788625,0.003290033046911276,audio_457.wav
45.0,0.07819893401077736,0.06231911402127167,0.90283203125,97.84117248675062,0.12736962134669633,0.5447443181818182,0.45525568181818177,767.0,641.0,1674.774575897892,930.3792949518335,1495.7025463847904,404.900598627091,1428.6332563920455,1542.9250114156619,0.014474631720240771,0.028089036061453042,0.7821957552649548,0.2072651871747051,0.010539046878408682,audio_492.wav
45.0,0.07293810666373925,0.06665791452564206,0.806884765625,85.11947845905605,0.08781609418901971,0.26988636363636365,0.7301136363636364,380.0,1028.0,1317.3547851816393,904.9509840311973,1358.2234318833216,436.83461768409694,966.4528586647727,1459.6113086763621,0.02133870175371849,0.049810214807606154,0.8264788016275737,0.17244160526014848,0.0010795822161863366,audio_738.wav
45.0,0.06031809006651644,0.052743035097399464,0.785186767578125,58.21235182835824,0.11232654489797902,0.3821022727272727,0.6178977272727273,538.0,870.0,1395.7616734204855,927.3657915337752,1429.8839230489075,650.8114075324821,1075.7390802556818,1303.636632159606,0.033209689039805625,0.046867590649102224,0.7985275135916853,0.20113153629461733,0.00034093363289915666,audio_305.wav
45.0,0.012309624612214255,0.008293148361775863,0.097686767578125,2.4244297294980948,0.07512163211337794,0.7947443181818182,0.20525568181818177,1119.0,289.0,1322.0498000485918,497.3471047543,1612.8696023210716,363.91049774330185,627.3082386363636,747.5011723518485,0.015215502449396174,0.024721258427692742,0.9312710219058248,0.06613482076327866,0.002593840979051062,audio_123.wav
45.0,0.08907543533422962,0.05531169242794026,0.949981689453125,126.95093087972039,0.4608298067080649,0.9992897727272727,0.0007102272727272929,1407.0,1.0,3873.2900552073943,203.51769128557828,2350.658609877153,58.15749465418669,6497.802734375,594.5785299505962,0.5034561669905788,0.0852268552518881,0.5761488797369491,0.2505811111402932,0.17326999077549723,audio_5053.wav
42.54,0.008418620313845744,0.007405158563439494,0.1962890625,1.1339706878191396,0.17889439188762324,0.3478587528174305,0.6521412471825695,463.0,868.0,1989.3417035391844,708.5772935965329,1605.781354384184,245.9968712047866,2199.239293764087,1633.8466870865198,0.06251563715927545,0.06986222622550664,0.7815022987444828,0.20600689365404634,0.012489870998091773,audio_89.wav
45.0,0.059534008986554844,0.049845762937026326,0.87091064453125,56.708771616179085,0.1711023209754458,0.4708806818181818,0.5291193181818181,663.0,745.0,2038.4107716171393,1078.4000525738727,1768.6054296644922,372.01596570262615,1784.701260653409,1934.9463991008147,0.03383697914232679,0.04793423383376952,0.8999044643043725,0.088562355081101,0.011533164857395044,audio_747.wav
45.0,0.025540663487153392,0.019152031215333206,0.232177734375,10.437207861824168,0.10801751113543213,0.6740056818181818,0.32599431818181823,949.0,459.0,1667.4037342822223,426.0055698638371,1736.1355636343585,311.3042954660002,1180.5197975852273,975.2425387827183,0.03139979992631051,0.036059035043823524,0.7464991331681988,0.2404116482976339,0.013089112284977698,audio_115.wav
45.0,0.04204851297811541,0.03716071411439448,0.65966796875,28.28923909873184,0.1761064945923536,0.2869318181818182,0.7130681818181819,404.0,1004.0,2236.800036813109,1332.9145810014622,1671.7151308268599,612.341722595101,713.6563387784091,1246.5653391009091,0.29438101592974286,0.3884098043069543,0.7308397547703896,0.2611684405195632,0.007991765791157809,audio_235.wav
45.0,0.06140182226820071,0.04979132051646044,0.539215087890625,60.322940445691344,0.15745716313494879,0.5191761363636364,0.48082386363636365,731.0,677.0,1768.1808160813425,1023.1329164477077,1478.8937947114337,424.97263792958245,1664.7838245738637,1683.052392707843,0.02213505833280577,0.04424512545925628,0.7933202444765862,0.19925191965591482,0.007427819089220568,audio_414.wav
45.0,0.056986102404740564,0.044139493051684,0.590911865234375,51.95865387653725,0.08592025822258087,0.6200284090909091,0.37997159090909094,873.0,535.0,1465.678530188605,929.9788649520557,1754.1458761024214,398.6511676359614,877.9629794034091,1552.3157964235056,0.016614878740174633,0.029709468393028782,0.9189436296492686,0.07654166771125222,0.004514686844362188,audio_56.wav
45.0,0.011272906009963788,0.00800571749878267,0.0880126953125,2.0332545585516426,0.08816192800267778,0.7833806818181818,0.21661931818181823,1103.0,305.0,1433.3505618868437,760.2007324473125,1640.2965926127124,384.09495978662176,845.9916548295455,1360.8572135560871,0.020084871199818288,0.038948190197527814,0.8758013782509725,0.12058895809104432,0.003609246930524966,audio_43.wav
45.0,0.05819805422278147,0.05098572958334862,0.919097900390625,54.192216245085,0.2373204685006507,0.39204545454545453,0.6079545454545454,552.0,856.0,2378.005862508582,1094.1440122717927,1655.9660952192353,378.42928465504497,2632.4684836647725,1824.9849595544692,0.06995544780695165,0.09804113460265926,0.4650781684383705,0.49006515066880973,0.04485664967547788,audio_394.wav
45.0,0.07800746009009954,0.06475402045559381,0.89556884765625,97.36262127533556,0.16148355761605224,0.3877840909090909,0.6122159090909092,546.0,862.0,1755.3740288631968,1296.7141653359613,1438.9024608572101,599.1253780884996,1734.9187677556818,2097.3959864261997,0.03464203071126059,0.07160325909250488,0.30224236733352394,0.694897642928516,0.0028599727524213636,audio_423.wav
45.0,0.053958127758825636,0.047827723024182256,0.92913818359375,46.583672819803986,0.10488903456810357,0.24573863636363635,0.7542613636363636,346.0,1062.0,1344.7259075468485,748.1545361504865,1333.6012249566948,496.03030680023744,1133.7335759943182,1212.8912759874756,0.029749788171975974,0.04490090565672601,0.9310590214238523,0.06771892425762133,0.0012220373819443373,audio_579.wav
45.0,0.07038961974659551,0.06190143865997082,0.90826416015625,79.27517708912492,0.16826134480742333,0.37144886363636365,0.6285511363636364,523.0,885.0,1896.2183168190568,1221.2539750543924,1575.9572982733794,529.7236124389741,1840.2654474431818,2033.8983080113694,0.04242832223951101,0.062371889287456,0.7463465825221653,0.2504631040849771,0.003190300097596109,audio_172.wav
45.0,0.034560767081039626,0.029173112103026057,0.4459228515625,19.111145939677954,0.1334265742035753,0.3252840909090909,0.6747159090909092,458.0,950.0,1729.2859160862479,1041.6694348399321,1739.7143971788037,325.1062622424815,1386.2193714488637,1709.7165163559835,0.04036726957820456,0.05339151113479908,0.9580615120676964,0.028200191429143425,0.013738253824193294,audio_144.wav
45.0,0.09212984868384574,0.08051557533366016,0.996795654296875,135.806544296133,0.060206333619907806,0.3913352272727273,0.6086647727272727,551.0,857.0,1509.4399768941769,1155.2881063709638,1315.2029729225244,736.9072051992935,450.8056640625,615.8985829624658,0.25916752932488935,0.41040383506756434,0.7877874141576954,0.21181248194965238,0.0004000967092257575,audio_151.wav
45.0,0.028020275936075516,0.025302676973798215,0.6038818359375,12.562173816541003,0.15582035530604904,0.2997159090909091,0.7002840909090908,422.0,986.0,1973.706889187393,709.0063652072333,1759.0671934799807,326.1495491077664,1724.2542613636363,1403.3870196862106,0.10241731981799179,0.10691627471282468,0.6566416262968177,0.33866425797538996,0.004694021643414794,audio_65.wav
45.0,0.05726076260635806,0.05055645378604627,0.615692138671875,52.4607189481871,0.13023559754944103,0.3913352272727273,0.6086647727272727,551.0,857.0,1635.1445691112217,1181.0034632793006,1288.9296236444702,523.2667575699462,975.6414240056819,1319.5942703405346,0.14409818620910972,0.30562779081628344,0.8653006765556917,0.13243103551565283,0.002268271133553236,audio_481.wav
45.0,0.045873108732590574,0.038575965913714316,0.68572998046875,33.66947367667324,0.17315510160430778,0.4112215909090909,0.5887784090909092,579.0,829.0,1951.1256268801635,1392.7758024226075,1703.2166992478494,554.585416774695,1993.4525923295455,2399.3103326011465,0.08815212546128846,0.14881189361407418,0.8881125419889649,0.10861492641517694,0.0032725061901969525,audio_262.wav
45.0,0.04631036568501201,0.040191515302292306,0.7188720703125,34.314399518072605,0.15974744409367236,0.5021306818181818,0.49786931818181823,707.0,701.0,1511.1419672353002,591.6973592770812,1093.9702118815453,234.22951210855635,1791.2819602272727,1233.8476665867825,0.02453230174799709,0.053492514149471676,0.7885696843870045,0.19662355642075954,0.0148067282725263,audio_229.wav
45.0,0.019879767807383902,0.01601793748549847,0.221160888671875,6.323282689207958,0.13718838498386804,0.5149147727272727,0.4850852272727273,725.0,683.0,1789.336065569931,1275.3552347725267,1625.6387993611636,490.88106838729243,1521.517666903409,2037.6447305420181,0.04157518822925055,0.07317474831392759,0.8640707268227795,0.1294935130762699,0.006435616525295174,audio_22.wav
45.0,0.1260211659782629,0.09852828650152984,0.94329833984375,254.10134839233424,0.11658905081812614,0.5340909090909091,0.46590909090909094,752.0,656.0,1539.3540694538494,1029.3787665860584,1428.726053444924,486.20924379126427,1238.9581853693182,1586.3535590803797,0.020366759284814313,0.043606149522516825,0.9476490105246435,0.05033359876557153,0.0020173876946033833,audio_434.wav
45.0,0.05284643874371501,0.043094777541097154,0.96783447265625,44.68393740629156,0.10741126029341708,0.4460227272727273,0.5539772727272727,628.0,780.0,1367.852368491886,785.2930656464391,1272.2960022226603,473.26311496976217,1156.6606001420455,1207.0819609217,0.014057551716390553,0.03387023057904135,0.8150110788622109,0.18152044798145622,0.0034684516668328277,audio_488.wav
45.0,0.05092873687298187,0.046855241338064874,0.91558837890625,41.49977983163877,0.1574023019476416,0.1981534090909091,0.8018465909090909,279.0,1129.0,1751.6730747951137,906.410221166157,1535.4018144509457,473.73820388928146,1596.5576171875,1427.4198837805807,0.03191623822524822,0.0503225660935339,0.9146364953267578,0.08102356674379027,0.004339918001987323,audio_439.wav
45.0,0.05587013141750237,0.05042087308917172,0.68475341796875,49.943545353743765,0.25405521396557496,0.3380681818181818,0.6619318181818181,476.0,932.0,2641.631407272291,1304.2675867545565,1880.5958872859424,392.85712429883813,2450.261896306818,2430.8939418551217,0.0895952479976046,0.15533621473101908,0.8145780528766656,0.14497299762488663,0.040448925856864035,audio_160.wav
45.0,0.058339763477478664,0.049142342262329254,0.76544189453125,54.456448041730454,0.14743631588377207,0.43892045454545453,0.5610795454545454,618.0,790.0,1863.9947023824743,1105.6670262311607,1632.592039746081,459.20767734052464,1680.908203125,1909.1817721453285,0.021067842224720898,0.033468254989351263,0.5570236776431446,0.41889774669843943,0.02407854923206157,audio_594.wav
45.0,0.053627450031974215,0.04576863203142405,0.58660888671875,46.014454350910256,0.11771821905308202,0.41264204545454547,0.5873579545454546,581.0,827.0,1471.1201116063528,1263.6172542711995,1420.8283686981006,448.4275016984243,1247.0592151988637,1865.7425795562615,0.02014370394382754,0.04875603052927742,0.9074881524259234,0.08958935938526262,0.002922470170889653,audio_651.wav
45.0,0.05398813575906224,0.04665513437134658,0.591033935546875,46.63550084382295,0.10124319617110579,0.3721590909090909,0.6278409090909092,524.0,884.0,1406.7583147393511,740.7077363063981,1497.4949058893571,380.2293657507755,1044.9773615056818,1187.919158131734,0.01804472906135079,0.025524239321544993,0.8540064978951639,0.14288125758729595,0.003112225180723705,audio_569.wav
45.0,0.061590134335317924,0.05305412166512944,0.674163818359375,60.693514359080126,0.09440013111129321,0.37144886363636365,0.6285511363636364,523.0,885.0,1200.4455015008352,428.2467435650697,1263.6658122117922,308.69243105855605,938.1103515625,768.7515486090514,0.01312046109783367,0.020128211830688834,0.8910043573610147,0.10770942473815674,0.0012862040262062186,audio_440.wav
45.0,0.0723755691670613,0.062183742029952076,0.8763427734375,83.81156819609718,0.17060093139018248,0.3757102272727273,0.6242897727272727,529.0,879.0,1652.6574777477488,1100.7070850541722,1377.7512370613322,632.40635187779,1952.115145596591,2109.123821004322,0.05666531980886322,0.1188787137515377,0.7739012244253639,0.22417208792675983,0.0019266756763383292,audio_658.wav
39.0613125,0.07106098092509712,0.06339883035159642,0.7615966796875,80.79460816059229,0.15730903388908446,0.3723404255319149,0.6276595744680851,455.0,767.0,1877.7919339185394,1378.3141600862089,1245.350936085744,688.1519177411592,1660.0347790507365,1910.0492451587681,0.29198828848861397,0.41546804654036545,0.9110191992435734,0.07168403318146808,0.017296756311302935,audio_274.wav
45.0,0.10832831151795183,0.06849866113216443,0.95001220703125,187.76036922128665,0.4585214701687086,0.9992897727272727,0.0007102272727272929,1407.0,1.0,3866.7892671134773,241.57959451596574,2354.8742649040355,69.43176477273009,6458.684747869318,846.2711501184405,0.5075040451089389,0.10070332070069986,0.6594410565096112,0.20068798885812433,0.13987094393834948,audio_5065.wav
45.0,0.07741637284465612,0.06334288982001528,0.69183349609375,95.89271655076494,0.23332254628131427,0.47798295454545453,0.5220170454545454,673.0,735.0,2496.5947812335544,1424.3794518926506,1687.1831293273883,426.25207867144456,2487.7818714488635,2440.2493729835674,0.048536523821353095,0.08345385395388472,0.9063649445405254,0.06600593019895426,0.02762911499421134,audio_158.wav
45.0,0.05989722143172342,0.050033588860828884,0.742950439453125,57.40283416385452,0.11737724635728661,0.46235795454545453,0.5376420454545454,651.0,757.0,1434.1289659330478,1116.7234376044032,1459.8839049534333,562.1828145584919,1264.16015625,1704.3541997482234,0.02830402808381527,0.046913943341178044,0.9453355643101554,0.05378555762435473,0.0008788647285278725,audio_493.wav
45.0,0.07135340035098574,0.05877293300365671,0.927978515625,81.46092386636883,0.15395576938301303,0.5440340909090909,0.45596590909090906,766.0,642.0,1726.4895377671185,1418.959044185473,1476.0937967249176,542.2611952656326,1596.5798117897727,2013.918080858845,0.020771618499569586,0.038423006676895945,0.9783229479154838,0.01420334549351508,0.0074736972757161015,audio_646.wav
45.0,0.05250632225921009,0.044772316863604465,0.706268310546875,44.11062203500834,0.1103814033075046,0.4325284090909091,0.5674715909090908,609.0,799.0,1712.6109633759233,861.9981298335639,1773.252012878956,427.6221968979447,1157.958984375,1521.6581129886274,0.03124105426467485,0.04087698592614426,0.8112255088773179,0.18025047010068063,0.00852399850635417,audio_64.wav
45.0,0.03993020062154773,0.03564566324204826,1.0,25.510734746832814,0.11228904484589562,0.2627840909090909,0.7372159090909092,370.0,1038.0,1437.1537413413307,818.2052722747962,1451.659307748944,377.07263768250004,1163.9959161931818,1379.188524781332,0.021330618826282913,0.03790789316362896,0.8178825756882872,0.1751225119801916,0.0069948739175196995,audio_451.wav
45.0,0.07602682439356671,0.06444466964350692,0.9537353515625,92.4812484379237,0.20694612075850105,0.42613636363636365,0.5738636363636364,600.0,808.0,2406.9786517653124,1327.6820193288322,1963.3292856180547,428.48186084881445,2325.8833451704545,2414.9765800679666,0.04570904965851886,0.06340495495806972,0.8624478785222119,0.12212383023242258,0.015428280780885088,audio_277.wav
45.0,0.06378058042444683,0.05191759176631788,0.70654296875,65.08739902846929,0.13362518559053554,0.44176136363636365,0.5582386363636364,622.0,786.0,1740.78281240491,874.0306558588323,1624.080739134865,396.1331246534865,1480.6130149147727,1542.6468317521114,0.022886070204035273,0.03818311396494615,0.7666269281810894,0.22382937519932308,0.009543680317232999,audio_491.wav
45.0,0.05339709926924375,0.041381508147254255,0.56573486328125,45.62000336591154,0.13016059744527422,0.5880681818181818,0.41193181818181823,828.0,580.0,1762.0942994137235,1239.7960217346042,1736.7564796795814,425.7619628496957,1437.899502840909,2156.6436400043804,0.036371532050060294,0.059654803707032966,0.9412606571581558,0.05056950853017303,0.008169816462696324,audio_52.wav
24.128,0.009276239386631212,0.008673318118785672,0.19671630859375,1.376777874529411,0.21775975464127426,0.223841059602649,0.776158940397351,169.0,586.0,2247.0670981294293,767.7306323263934,1694.8502339437925,417.0345002111942,2560.4925496688743,1671.982877173947,0.13931260948744822,0.13328796921905312,0.5014390003363713,0.3389589732947182,0.15960031476395822,audio_743.wav
45.0,0.043655161219185994,0.03871301447792697,0.69805908203125,30.49236961716993,0.10262722587114705,0.3678977272727273,0.6321022727272727,518.0,890.0,1325.5705081484618,1427.4571907288764,988.8316185295716,814.6865563428664,1103.4712357954545,1823.846060690602,0.4183878407047094,0.47204269913404845,0.8145432352078056,0.17130278837549376,0.014153942874589457,audio_243.wav
45.0,0.0780553188731678,0.06772985330952734,0.942535400390625,97.4821248702705,0.09115012659739805,0.41548295454545453,0.5845170454545454,585.0,823.0,1340.5404308619063,1044.810999620515,1421.9173975123567,678.9720997758661,924.3829900568181,1559.002417779891,0.01922768987081949,0.034996634699131265,0.8727334148832392,0.12630598744227636,0.0009605888123087347,audio_661.wav
45.0,0.0801078870483374,0.06635344934225187,0.70513916015625,102.67637707758695,0.1075654271742044,0.48863636363636365,0.5113636363636364,688.0,720.0,1354.1935507848568,689.7698139293907,1298.7360481557298,439.27503374529874,1043.8454367897727,1088.8707360406079,0.010499995325848168,0.024757834553253255,0.5435689939392374,0.4540041815023498,0.002426811670072934,audio_456.wav
39.3,0.01625855953125301,0.013057734689035105,0.238983154296875,4.22945212850077,0.1079017301236166,0.47317073170731705,0.526829268292683,582.0,648.0,1588.6928804857796,905.8264667380357,1700.394700245677,448.11107414744106,1175.2286585365853,1710.2439496097202,0.038627282281672164,0.06644415778753106,0.9413434974350346,0.05581262361495563,0.002843695345887843,audio_90.wav
45.0,0.026170346648641735,0.024186323301936048,0.8900146484375,10.95819269936118,0.3020455583966089,0.16193181818181818,0.8380681818181819,228.0,1180.0,2692.9161332302433,1027.7441828228189,1555.2075636911832,320.76092497831814,2999.4673295454545,1994.828489628671,0.06028344347188041,0.10850490842729765,0.763443619334417,0.2100930874179262,0.02646318574451488,audio_735.wav
45.0,0.07190242514542511,0.062233519766474246,0.934722900390625,82.71933986869537,0.14575992466656204,0.40269886363636365,0.5973011363636364,567.0,841.0,1819.9849738205135,1169.0492233301136,1594.14959272879,401.9046021826417,1575.2064098011363,1940.520669800723,0.029867827880529,0.05246762216379136,0.7371781660489822,0.2536236685690362,0.009198152062887918,audio_775.wav
45.0,0.10593305095840612,0.08581051639916579,0.890899658203125,179.54898056570028,0.12291683738449637,0.53125,0.46875,748.0,660.0,1573.1131205916959,1139.5990667823355,1466.6502733676323,547.1505989523398,1292.96875,1782.5040403157604,0.028334990726513184,0.05097636026975055,0.8714421454612938,0.12625338521304558,0.0023044644584004556,audio_587.wav
45.0,0.015228316539017378,0.012393713893670305,0.3487548828125,3.7104259938001634,0.15358007441677002,0.45170454545454547,0.5482954545454546,636.0,772.0,1979.2412826923887,1018.8038282638761,1672.9529921818792,372.1360929628355,1839.8215553977273,1867.6043682573716,0.06827691392984024,0.10223072895110147,0.9353923400637756,0.05462284029969305,0.009984596084987253,audio_103.wav
44.64,0.029796809232122575,0.026318141284672598,0.433837890625,14.205597446648083,0.14688570632519365,0.336676217765043,0.663323782234957,470.0,926.0,1796.3484086459198,1019.032880275595,1421.0847877199537,461.1714811418689,1842.3956840974213,1604.1072534997115,0.045921373994859155,0.07036296553682936,0.7232443284640456,0.26817206662949705,0.008583527091847057,audio_111.wav
45.0,0.1069734037776627,0.08902240253146908,0.940582275390625,183.09294585246178,0.14263214254464243,0.4715909090909091,0.5284090909090908,664.0,744.0,1748.0172750252698,1120.4585402838293,1681.5934060332604,455.6325392993778,1533.4916548295455,1914.257486403332,0.029682575912736698,0.04603467275156225,0.8936328208408018,0.10294836190182291,0.0034188126219388566,audio_421.wav
45.0,0.058016400076691815,0.04671978290039889,0.770294189453125,53.85444284574025,0.26481703446810345,0.5632102272727273,0.4367897727272727,793.0,615.0,2628.072573955223,1609.5044483025197,2049.272462989656,484.4621901439421,2724.5094992897725,2915.0072446344248,0.06751904158945697,0.1066984124495365,0.9274556004596445,0.055353518387194586,0.017190864661280336,audio_683.wav
45.0,0.08052292668862798,0.07104194693694202,0.9559326171875,103.74306756003449,0.12948351317154608,0.3586647727272727,0.6413352272727273,505.0,903.0,1555.157820947354,972.8437321072114,1485.2555325263274,476.23696945676755,1376.9642223011363,1528.6090986423285,0.040856891195485384,0.05651091205239277,0.9384814630502415,0.05926267140753556,0.002255858022603056,audio_152.wav
45.0,0.09448454930535896,0.07173952734399851,0.675872802734375,142.8372809189889,0.08260080916779051,0.5901988636363636,0.40980113636363635,831.0,577.0,1567.07220429328,672.2553678068201,1891.9230803775142,333.072556314511,737.1160333806819,1245.2255390790294,0.029493124871049645,0.04079566228120479,0.9602836312781579,0.037654184986182206,0.0020621788559566203,audio_134.wav
45.0,0.029882397971904624,0.02082810602874773,0.2523193359375,14.287323336820636,0.05914383214421131,0.9197443181818182,0.08025568181818177,1295.0,113.0,1189.4759858690952,873.1426329564533,1526.0136342924818,509.834529185244,695.9339488636364,1288.921507651263,0.008265262608485037,0.021469373914309163,0.8602286057151067,0.1376250691620557,0.0021462637966868613,audio_12.wav
45.0,0.06587570307910959,0.05600147203688834,0.613739013671875,69.43373209867212,0.2014225019756972,0.43607954545454547,0.5639204545454546,614.0,794.0,2173.93528559791,1438.8162157812621,1803.3249646160466,590.1566856201581,2331.476384943182,2366.624848471684,0.09027877258094036,0.11288043639517771,0.5308874282931206,0.4615515113033621,0.007561040671296751,audio_232.wav
45.0,0.016782750088252616,0.014432139893610214,0.211761474609375,4.506571208395892,0.14086477897885968,0.4012784090909091,0.5987215909090908,565.0,843.0,1820.5764238389363,1256.0520747185553,1633.0968829697622,546.3263289570863,1513.0393288352273,1882.0291918835292,0.08370754944111408,0.16718411434697467,0.868429241765247,0.12783566808732863,0.003734893687772918,audio_36.wav
45.0,0.04846135884154291,0.04362696718574355,0.71600341796875,37.576052812300624,0.10254180908584595,0.21946022727272727,0.7805397727272727,309.0,1099.0,1560.9606119379182,955.7738404059908,1716.9256731577705,662.8020094248373,916.8368252840909,1209.2135142245918,0.04626304029208443,0.0587000496789999,0.9482323075989211,0.05161745870612368,0.00015021394154874184,audio_268.wav
45.0,0.054395510612176255,0.04498714949753599,0.447113037109375,47.34194519615008,0.0884883173448852,0.4637784090909091,0.5362215909090908,653.0,755.0,1719.2238926487219,691.9278600633663,1855.9685273312803,418.66242623411046,680.5419921875,1073.4549671279956,0.028890195146576935,0.04108019620566302,0.8512425908314913,0.14674159906405465,0.002015791185251073,audio_68.wav
45.0,0.0775284342592372,0.06905667183928187,0.671234130859375,96.17052989902182,0.14698145414090852,0.3515625,0.6484375,495.0,913.0,1780.7380768946196,1246.0257348707091,1341.9815672366326,603.9435312258757,1488.0482066761363,1765.1806192766765,0.18889401818276053,0.34581115432915177,0.9293395877987438,0.06773631472775041,0.002924089180954378,audio_729.wav
45.0,0.040290354400843324,0.03447443080716993,0.664306640625,25.97300252392888,0.20882112336267133,0.4275568181818182,0.5724431818181819,602.0,806.0,2363.0387875754022,933.8401223012603,1933.7430719220577,311.41638921777695,2451.3716264204545,1976.3102843567644,0.12061091551231673,0.12127431932229063,0.6854927611732912,0.29429355392509116,0.020213637197733704,audio_247.wav
45.0,0.04205075509966517,0.039361417756856254,0.935546875,28.29225607123226,0.14837451163126616,0.1534090909090909,0.8465909090909091,216.0,1192.0,1453.348915406873,483.82376995872227,1122.545239768701,262.94805849282244,1734.2973188920455,982.3036995231915,0.03413418794825066,0.04266683089513654,0.8300692757081408,0.16208003251859623,0.007850657675094715,audio_224.wav
45.0,0.12260649006953915,0.09764180616271664,0.948455810546875,240.51762251475205,0.14753631602266115,0.5830965909090909,0.41690340909090906,821.0,587.0,1705.5794837425283,1034.1825758576156,1511.0776953518005,451.84967974180523,1509.9542791193182,1729.0557118371823,0.01588670554903507,0.034734815738616746,0.6230661612644721,0.3674863818015247,0.009447451701400357,audio_425.wav
45.0,0.06134737735441738,0.05079379115100499,0.926849365234375,60.216011332244506,0.20369403290837904,0.45454545454545453,0.5454545454545454,640.0,768.0,2104.6611432867235,1572.6854439456959,1497.5899316081457,636.9292191643286,2176.091974431818,2451.989187805324,0.05151571442890443,0.09684329656074513,0.7637035401820228,0.22533366650431425,0.010962775506107969,audio_392.wav
45.0,0.06874162397392929,0.05837045565850945,0.710113525390625,75.60657386516945,0.08971054126464065,0.3465909090909091,0.6534090909090908,488.0,920.0,1109.545347957036,757.649177023062,1264.855162750857,527.4435638858334,996.2602095170455,1404.3123302728006,0.008629610279297466,0.021167513079219696,0.6908988754271517,0.30852468314518844,0.000576426784533109,audio_615.wav
45.0,0.047051971493969,0.040184478066985635,0.672454833984375,35.422208343508345,0.17847177565524397,0.39488636363636365,0.6051136363636364,556.0,852.0,1982.6052901294026,1213.8979086832774,1548.658368435896,505.7161397061719,1525.1908735795455,1975.0907161535263,0.1044052178669134,0.19286098550353975,0.8989617096271374,0.09455166424154923,0.00648660185248959,audio_245.wav
45.0,0.03997657510048114,0.03629642613823276,0.654266357421875,25.570024908230536,0.1672530100736251,0.23082386363636365,0.7691761363636364,325.0,1083.0,1979.6628448657327,1098.6453433227925,1790.897269522104,537.8995558635095,1626.742276278409,1652.0856582283648,0.07095959235329581,0.07220700024964716,0.7336823277985967,0.2640323790436615,0.0022852517811754467,audio_271.wav
45.0,0.049792089984684214,0.04396625343417761,0.753509521484375,39.66803560068624,0.07023898644303672,0.3288352272727273,0.6711647727272727,463.0,945.0,1310.1345816582796,688.3800459912471,1484.995972447194,551.4486482383272,659.1574928977273,1028.9397829494417,0.009193538155720743,0.017742033300715537,0.762368418592403,0.23634804768940867,0.0012835080299620134,audio_321.wav
45.0,0.12051190387197946,0.07489370467943715,0.941375732421875,232.36990359758752,0.4670200930834626,0.9992897727272727,0.0007102272727272929,1407.0,1.0,3897.521125877659,199.00056348540676,2343.641574178722,58.13801186760546,6537.819602272727,698.9239696953858,0.516827040889519,0.09093789828252713,0.5203054370688529,0.2928897705128732,0.18680478170651427,audio_5043.wav
45.0,0.10115107321940113,0.08129594740754077,0.884735107421875,163.70463381498638,0.09165359951888823,0.5909090909090909,0.40909090909090906,832.0,576.0,991.7839811353114,545.6101908043755,894.8925881720947,287.40133967587326,955.6440873579545,979.6138765253756,0.0036007591652879615,0.009348676114257047,0.9048644625345836,0.09407251650488173,0.001063015947739738,audio_187.wav
45.0,0.08658474669380324,0.07645002332470413,0.972808837890625,119.95069376048114,0.14000227778094138,0.2634943181818182,0.7365056818181819,371.0,1037.0,1450.7163291356758,662.4939591560184,1045.632392175626,372.11934381405234,1256.7915482954545,1210.5727368165558,0.07350217931773827,0.19455439365017688,0.8050699681614132,0.19008448035155714,0.004845543322832262,audio_221.wav
45.0,0.06223276984957865,0.05518938055019031,0.956787109375,61.96668229041,0.17196065550091041,0.3643465909090909,0.6356534090909092,513.0,895.0,1730.1975370293571,864.2892289746305,1164.4206263818776,461.78120084575926,1369.418057528409,1474.4879791163448,0.1813164338046674,0.32852277227147414,0.7965323600246049,0.1458150194569542,0.057652599316907895,audio_219.wav
45.0,0.05078149146349671,0.042103731950324005,0.499114990234375,41.26015800411503,0.09458624248089234,0.43892045454545453,0.5610795454545454,618.0,790.0,1178.5762490880234,639.4610495704972,1209.0778701473,362.31123767990243,1022.4498401988636,1066.6568142317421,0.011224173406139184,0.027023190651810747,0.8907132552831634,0.10800340857724323,0.001283315729206169,audio_601.wav
45.0,0.01668667019729676,0.014154975440060632,0.14764404296875,4.45511939637363,0.129831430321431,0.5142045454545454,0.4857954545454546,724.0,684.0,1695.0924882261634,1109.9390034078538,1532.9291357587485,539.2267246323682,1948.7082741477273,2171.687275735591,0.09705404322381633,0.14503496001453708,0.8838302837929788,0.11403418690889819,0.0021353369834441254,audio_100.wav
45.0,0.0520540778805817,0.04398236804583717,0.90545654296875,43.35403238396264,0.15567729955180493,0.5759943181818182,0.42400568181818177,811.0,597.0,1452.3479269926556,622.663100149987,1026.5665295116087,200.87325914173172,1641.9899680397727,1217.9266902157226,0.010952489875244902,0.030971229969444906,0.776551057732466,0.20706386590406367,0.016385051226018348,audio_227.wav
45.0,0.056754840097047767,0.04778923623662781,0.601806640625,51.53778999106338,0.1739599638332831,0.4453125,0.5546875,627.0,781.0,1875.4040138734242,1223.316582055758,1510.8426490029842,422.0240780870132,1872.4254261363637,1938.5501900557158,0.03818104489959633,0.04703394029189737,0.7475926951204204,0.24808205234432154,0.0043252320402134906,audio_411.wav
44.0946875,0.057729420307183255,0.04741316515774445,0.576995849609375,53.32297550405475,0.13972862338663727,0.5786802030456852,0.42131979695431476,798.0,581.0,1624.6283927888371,1007.5660830607562,1446.1526064504535,478.37594008918427,1495.7170050761422,1562.293223366187,0.030938413219619654,0.055652254279480284,0.7188070879306334,0.2783575025655397,0.0028353891674835667,audio_28.wav
45.0,0.05207767056937356,0.04866912184561979,0.910919189453125,43.39334035091516,0.1680307889316513,0.14275568181818182,0.8572443181818181,201.0,1207.0,2136.256682859587,1039.3611944021898,2036.9260194495046,371.20257792875657,1837.2136896306818,2089.8424476636565,0.07069727717348039,0.08474062945473242,0.8843365934832369,0.1068993122261367,0.008764073666071915,audio_653.wav
45.0,0.06854901726766867,0.050868288179647864,0.5157470703125,75.1834842938102,0.05010909737374635,0.5916193181818182,0.40838068181818177,833.0,575.0,1110.7064343118427,897.457132517283,1487.256635628381,546.6161351872878,529.1082208806819,1174.1322768185573,0.007503432019938358,0.0209757528053248,0.9833865860094513,0.01566599176349539,0.0009474127483465593,audio_29.wav
45.0,0.06189230274447986,0.053531347899335065,0.8123779296875,61.29051422422959,0.10256819801138613,0.3288352272727273,0.6711647727272727,463.0,945.0,1180.684283163279,742.1786386752335,1187.9859647532335,527.5478654442472,1108.5759943181818,1208.5354026250043,0.01861359991975877,0.03281835352243647,0.6580051947702498,0.3409051639362336,0.0010896223917123576,audio_470.wav
45.0,0.05658700702458233,0.04708047402133212,0.517120361328125,51.23342982400209,0.15806827509482652,0.4850852272727273,0.5149147727272727,683.0,725.0,2016.7376958453349,1261.6083354121943,1817.6551626643525,540.4377250258864,1764.4264914772727,2015.0697021299345,0.056968596520004675,0.08258265817061833,0.8713701528433756,0.1244971158407481,0.004132714131776111,audio_356.wav
45.0,0.08593376964487189,0.07821980131220978,1.0,118.15380424604648,0.09052234794770549,0.24644886363636365,0.7535511363636364,347.0,1061.0,1363.016885249298,666.048882229889,1458.1563998932686,396.09171812214703,932.5949928977273,1147.2776046693084,0.021811484704251972,0.043531272890041606,0.9045757713204704,0.09215782333352564,0.00326639834558429,audio_365.wav
45.0,0.030089237109603467,0.026225517444762796,0.454071044921875,14.485795037407014,0.11557724385728313,0.4460227272727273,0.5539772727272727,628.0,780.0,1442.5273163628437,813.069403675051,1379.1896995290033,421.97340479085807,1218.3726917613637,1357.3774965011798,0.02708467146576551,0.05009927057388962,0.7352958471057208,0.26082550892237955,0.0038785702493681377,audio_58.wav
45.0,0.07268678376957,0.06270325542015694,0.64801025390625,84.53389655622757,0.13154184936367966,0.4034090909090909,0.5965909090909092,568.0,840.0,1642.4931689817693,1164.4570937919227,1576.8908193326927,641.3121598479983,1272.5830078125,1659.5287181428328,0.04247884455780195,0.05145060352985004,0.925228424458583,0.07373302766316679,0.0010385385152854082,audio_708.wav
45.0,0.07444812214278947,0.0597691426116889,0.999969482421875,88.68036624940319,0.16851690071791767,0.5660511363636364,0.43394886363636365,797.0,611.0,1633.7772246754632,1243.1935374482011,1196.5058385770287,594.2053263735007,1885.8753551136363,2224.981445364783,0.08707649931647095,0.1783799165834416,0.9325291600968765,0.061621133513112845,0.005849697255893225,audio_319.wav
44.9266875,0.13598346778465903,0.08436872956686077,0.95001220703125,295.86405617186244,0.4527674291135824,1.0,0.0,1405.0,0.0,3872.6398523008857,197.4241962742065,2350.021272186306,61.679280918813475,6415.01334519573,764.2371407457343,0.4935515286727011,0.11063489404775874,0.43375257423948016,0.38774049163457414,0.17850692550128774,audio_5067.wav
45.0,0.037987887536910125,0.0312548675409483,0.399444580078125,23.08927359227091,0.07256885079007054,0.44389204545454547,0.5561079545454546,625.0,783.0,1152.0920599873098,665.4149284804524,1273.2203851806576,435.4843003324205,777.0108309659091,1077.9037036008287,0.008381442809694072,0.024120786917969338,0.8801899182993652,0.11334039494659841,0.00646964824093053,audio_135.wav
45.0,0.0775516455032487,0.06997196184076358,0.944793701171875,96.22812352418485,0.2079745944091589,0.3444602272727273,0.6555397727272727,485.0,923.0,2340.0734721205595,1293.562548557071,1722.932159063282,524.2737006663168,1296.597567471591,1998.2743428881301,0.27139708508843313,0.358031806902363,0.9398007645579596,0.05465197376560747,0.0055472533619401005,audio_612.wav
45.0,0.07134553074542432,0.06241036019570387,0.954681396484375,81.4429561175406,0.1847502565975786,0.2237215909090909,0.7762784090909091,315.0,1093.0,2009.6934828957592,1150.7831844879038,1512.090952185831,400.61382663033595,1848.1556285511363,1798.1755702431847,0.027975246659870914,0.04497372134234532,0.7492650438145422,0.19996669707239018,0.05076824268968638,audio_373.wav
45.0,0.060537078403685336,0.05527543340224899,0.824676513671875,58.63580578646312,0.21898572081350112,0.18607954545454544,0.8139204545454546,262.0,1146.0,2480.0430745843755,1183.2247808053855,1890.4086456558746,465.94474652635944,1749.0234375,2330.593864526633,0.2237212499665099,0.25216934718127926,0.5062911848190483,0.48448368718879126,0.009225103847180364,audio_680.wav
45.0,0.06462767288264397,0.05304501579427688,0.6881103515625,66.82777763561656,0.1694891242904504,0.5553977272727273,0.4446022727272727,782.0,626.0,2280.3927656424858,1031.2692769671355,1940.4386434111432,379.684392896493,2088.9670632102275,1953.4846556052908,0.07455887435873007,0.11328475160926388,0.8740914478617413,0.1134079527658,0.012500585414986413,audio_63.wav
45.0,0.08769020936955152,0.0776801847238458,0.95831298828125,123.0331651084125,0.1223973922186003,0.2784090909090909,0.7215909090909092,392.0,1016.0,1500.1587254907763,783.9419563632863,1334.7304121632317,436.2959826228607,1138.671875,1322.3739380909708,0.059944407582069044,0.1569042803876815,0.9091896940354104,0.08708408263090119,0.0037262165794828567,audio_700.wav
45.0,0.07360344554249434,0.06342575521444718,0.98614501953125,86.6794751316309,0.14597798052497296,0.38423295454545453,0.6157670454545454,541.0,867.0,1669.7098115583053,1086.0994796576051,1508.1214197447066,587.4373745235129,1437.3890269886363,1665.1885174452077,0.03654919241877642,0.04952747475995052,0.7660665003060012,0.23218230292679307,0.0017511851178160234,audio_429.wav
45.0,0.08862214531468382,0.07355156471108304,0.8763427734375,125.66215424283097,0.18411900572084128,0.5617897727272727,0.4382102272727273,791.0,617.0,1746.522905011369,1344.037130692391,1235.443042751053,540.0314925879411,1661.7320667613637,2053.1013103759374,0.04938724486830503,0.117100562065453,0.7435089227228524,0.25216656847776775,0.004324500360136663,audio_745.wav
45.0,0.07234750242452183,0.06580977833258826,0.787445068359375,83.74657771305905,0.1260168416900579,0.2713068181818182,0.7286931818181819,382.0,1026.0,1711.5317890315512,1253.538771608341,1311.486675395162,708.5915584250832,1288.6408025568182,1640.7928763728282,0.2998293864691311,0.4108350093299245,0.9479041707681816,0.04793016707354729,0.004165652841867235,audio_731.wav
45.0,0.07558873766748152,0.06302283297247935,0.72991943359375,91.41851619461345,0.16480022888920678,0.4786931818181818,0.5213068181818181,674.0,734.0,2004.8754583535738,1347.305693623829,1579.960220381935,559.2500888793768,1849.8313210227273,2175.984009000801,0.033232735609797406,0.06500500753196517,0.7016754012354444,0.2915311926750359,0.0067933936927421675,audio_461.wav
45.0,0.021327736220127246,0.019196323140338582,0.601104736328125,7.277957316405243,0.3354664381478308,0.10298295454545454,0.8970170454545454,145.0,1263.0,3250.6852862507703,968.5113710806893,1966.5488384644232,259.4614691548084,3916.415127840909,2108.016996292835,0.12441210838673213,0.10884119684757122,0.711849256560281,0.04532573305709454,0.24282465423417118,audio_79.wav
45.0,0.14282866174229858,0.0883099684931063,0.949981689453125,326.40042584153514,0.44445478396497773,0.9992897727272727,0.0007102272727272929,1407.0,1.0,3860.403794453993,181.19921701861708,2349.1747780235146,52.44636485826175,6387.906161221591,750.7672135274661,0.48461513609696544,0.10226762794174536,0.5353837866059878,0.3029014924076982,0.1617147139015304,audio_5038.wav
45.0,0.06056783775428493,0.05004692936201165,0.68768310546875,58.69540752367013,0.15554396603328616,0.4992897727272727,0.5007102272727273,703.0,705.0,1893.5252721376105,1237.3869422507419,1696.152804021648,464.13722866758627,1756.1590021306818,2163.9538571884286,0.046768101704625614,0.07942129346435475,0.9588824233550445,0.0374833777679061,0.003634185901065706,audio_760.wav
45.0,0.027091171917397364,0.022224329223600174,0.835418701171875,11.742905533727672,0.15890230403097783,0.4083806818181818,0.5916193181818181,575.0,833.0,1941.2606355571143,1077.9023770241474,1775.4401192259452,441.021513204421,1783.7357954545455,1987.9670282488557,0.08216903231584614,0.11292361233758591,0.9565818315316942,0.04024953871721371,0.0031685646315410005,audio_72.wav
45.0,0.09623039777247974,0.07804195195205317,0.934783935546875,148.1646312871948,0.16357522718781553,0.47017045454545453,0.5298295454545454,662.0,746.0,1870.7988591998167,1482.1659029045782,1556.507008029027,522.9530461946765,1681.8403764204545,2166.434470892739,0.03244184312669294,0.06224825173123119,0.9091085006011392,0.08597272409734356,0.0049187696425461655,audio_696.wav
44.6506875,0.032476323389670304,0.02976882742518242,0.713714599609375,16.875385294567142,0.2201893870466539,0.2720114531138153,0.7279885468861846,380.0,1017.0,2262.487452174872,804.3796775441858,1672.4049726688604,362.24540441894584,2725.024606299213,1484.300632752124,0.08585048258734858,0.08928346334874347,0.6859423169299382,0.26573168510741957,0.04832591453039549,audio_744.wav
45.0,0.06647335420834967,0.05785197020796527,0.691131591796875,70.69930911533949,0.09909249873958158,0.41051136363636365,0.5894886363636364,578.0,830.0,1365.3874975757774,1038.5721763267873,1357.0354930987103,669.1498912131095,1004.5166015625,1498.0592224147567,0.021541081897091134,0.033284313675310984,0.8781913084908589,0.12079856251749525,0.001010116872073111,audio_662.wav
45.0,0.060782188370409516,0.05116776011582189,0.924346923828125,59.11159076953514,0.0948570761903836,0.3899147727272727,0.6100852272727273,549.0,859.0,1306.8831064047804,689.8353346752318,1465.2834625771618,413.988048252918,996.8039772727273,1169.3787845612492,0.01918906563530743,0.03562600385132136,0.8555404208865206,0.14278554741768054,0.001674016611994625,audio_570.wav
36.12,0.036974082271961854,0.03089143942362335,0.597625732421875,21.87332415766086,0.0990060890886093,0.4504424778761062,0.5495575221238937,509.0,621.0,1503.6337215554224,917.3289783612886,1580.5871683696653,455.29579500846353,1085.467367256637,1528.3664857421668,0.03661239935716559,0.06554684287153116,0.9473693706856353,0.04973093450774985,0.002899659486984499,audio_10.wav
45.0,0.06206938332663253,0.05212712218317132,0.61376953125,61.64173354477518,0.16433633935602687,0.40625,0.59375,572.0,836.0,1868.1065567338999,1441.3428080189276,1710.054974739367,597.5381611239718,1844.1384055397727,2411.2770193452716,0.0459751319168314,0.07926892718426032,0.9438358509196328,0.05345129988138329,0.002712836599622562,audio_628.wav
45.0,0.07180345738719902,0.06272184423474243,0.980194091796875,82.49178388408488,0.18253219796138606,0.28125,0.71875,396.0,1012.0,2078.246696691815,1204.4658910907183,1663.1929891126472,338.1333595624764,2066.6060014204545,1908.2809417273609,0.05463658114359073,0.06302020990126225,0.9029026545208693,0.025672538227160195,0.07142479207474943,audio_606.wav
45.0,0.14427059518693422,0.12063876821955508,1.0,333.024074169476,0.11691891238737831,0.4509943181818182,0.5490056818181819,635.0,773.0,1344.3146968826097,823.1269214909512,1160.7596552252508,341.56082641608606,1358.5759943181818,1353.7841318004926,0.005229637889418013,0.018618874755084776,0.8855383604375198,0.09676550391016792,0.01769613282888998,audio_73.wav
45.0,0.06558718528346172,0.056161616664126265,0.94158935546875,68.82686197451419,0.17714052380628306,0.3650568181818182,0.6349431818181819,514.0,894.0,2020.9806967857432,1228.879206137371,1633.7243348445531,350.60426266962145,1998.8902698863637,1895.6482883889096,0.04918571339932253,0.05524754851098839,0.936732351829691,0.027676505812859464,0.03559112792761117,audio_605.wav
45.0,0.0289933548336788,0.025731106641430326,0.654022216796875,13.449833992185692,0.20890515125715453,0.36079545454545453,0.6392045454545454,508.0,900.0,2432.6850798259397,1093.05205363984,1914.0029621635533,349.4446976491673,2433.660333806818,2105.222782150512,0.10548127506276246,0.11409806101662999,0.688277066821366,0.298115215046429,0.01360762952389748,audio_106.wav
45.0,0.04526983856070014,0.04043029352141212,0.93353271484375,32.789732532989646,0.17579399415832522,0.40980113636363635,0.5901988636363636,577.0,831.0,2042.0314241644862,1170.805613966136,1700.0551882429318,549.8849309457015,2274.2808948863635,2485.5970042886925,0.10136002535191226,0.13349547790299804,0.727669395714179,0.25947444628326705,0.012856123312934816,audio_306.wav
45.0,0.022141268981404318,0.017910732133004943,0.175506591796875,7.843772673710353,0.19788708039872277,0.5696022727272727,0.4303977272727273,802.0,606.0,2284.2320485518817,1366.5355855064427,1781.2967105332461,380.43968214466565,2259.821111505682,2357.035790886349,0.09631817366662969,0.1344197635674024,0.9531449878319723,0.04028948474445126,0.006565426889009649,audio_75.wav
45.0,0.056489633167154184,0.046884178652626604,0.68743896484375,51.05725848575433,0.13244740617695303,0.4446022727272727,0.5553977272727273,626.0,782.0,1862.559017734053,958.7313849375471,1840.5424026026703,400.0744224210532,1441.683682528409,1739.627370371978,0.032235415271134465,0.045619814012688595,0.9219715920633073,0.06775623814188328,0.010272153090437348,audio_550.wav
45.0,0.046242962081903725,0.042359487510798155,0.962860107421875,34.21458467373417,0.2432510322931004,0.28551136363636365,0.7144886363636364,402.0,1006.0,2711.883770826882,1074.7772614863088,1743.1883992509067,432.70916086111686,2785.6223366477275,2067.27445752693,0.12586200596954047,0.1946261507154432,0.37727634668994575,0.5257524652085881,0.09697112569774287,audio_340.wav
45.0,0.07949184032859566,0.0690688650272936,0.737762451171875,101.10324286123117,0.1741884363728283,0.45951704545454547,0.5404829545454546,647.0,761.0,1989.765463146561,1255.2443478084876,1346.2417730178522,565.0099986495904,1774.081143465909,1884.1409267624274,0.17719133411111088,0.33468534446069287,0.8925215091683929,0.09254698868526652,0.014931493022153587,audio_272.wav
45.0,0.07846298644775765,0.06739008973417374,0.94549560546875,98.50304387681601,0.15569396624161977,0.265625,0.734375,374.0,1034.0,1922.8624125320246,1518.7008460855793,1510.3150556541434,618.2900052018356,1669.2449396306818,2263.007322276504,0.07638288532927275,0.2052226408070897,0.8662434835733239,0.12711437110307608,0.006642136136792786,audio_518.wav
43.74,0.08743902472599745,0.07259618460363451,1.0,122.32932872053748,0.10060242427186825,0.43859649122807015,0.5614035087719298,600.0,768.0,1708.661725141675,911.9146831500769,1920.8632560952165,424.92739190813296,947.6768092105264,1586.9018511328172,0.03076600835498275,0.04986708592692122,0.9198835453032801,0.07822944802546533,0.0018870000915331114,audio_34.wav
45.0,0.05988301412332302,0.05282046101109724,1.0,57.375606087905666,0.10229389207485011,0.35298295454545453,0.6470170454545454,497.0,911.0,1416.174905286043,736.0556118799478,1358.9789529059979,373.4282663964836,1171.5531782670455,1330.1624945798799,0.022837653816839575,0.050287256577318154,0.6842288659089532,0.3057476747618922,0.010023438820057816,audio_87.wav
45.0,0.07767074582329656,0.06474690773621355,0.927215576171875,96.52391610795425,0.1191133598796665,0.47514204545454547,0.5248579545454546,669.0,739.0,1221.440555215074,598.2526055523753,992.9125072437874,235.49376346394794,1242.6868785511363,1121.91755238074,0.005530819180103312,0.013495893800834867,0.8124580839648555,0.18365763632401033,0.0038842697296962102,audio_211.wav
45.0,0.08494264790328825,0.0672410738844701,0.94451904296875,115.444054925152,0.1467752038544498,0.5717329545454546,0.4282670454545454,805.0,603.0,1784.6560707918818,1165.7727010664319,1540.4167253977027,522.5711555890067,1578.6021839488637,1891.1375931190378,0.02716687415843573,0.0464673428497912,0.7739517205234723,0.2211675993661364,0.004880671252527795,audio_431.wav
45.0,0.07039346289196789,0.06068209972195599,0.94720458984375,79.28383388676578,0.09407860288694846,0.48863636363636365,0.5113636363636364,688.0,720.0,1085.0830682827743,770.6440811131815,921.3192056671854,642.3860875746832,731.8670099431819,791.9957150307271,0.09539525789700937,0.21695818068408934,0.8097475905926951,0.19009605814148256,0.00015633936982233,audio_555.wav
45.0,0.057661190833356336,0.04873974679842588,0.801239013671875,53.19700685313178,0.15228771151071044,0.44886363636363635,0.5511363636363636,632.0,776.0,1757.63166501605,1349.009505402487,1518.5215917425587,515.2912938744697,1608.0100319602273,1962.4502282812487,0.025613165929902662,0.04372353078660286,0.9645294799177645,0.02582017422382181,0.009650331007088335,audio_648.wav
45.0,0.08369191498789107,0.05277782966491795,0.815673828125,112.06938614944617,0.4627825871980378,0.9992897727272727,0.0007102272727272929,1407.0,1.0,3890.477926471534,237.84201038312213,2339.694749155426,88.01794592985497,6407.115589488636,941.4351374411947,0.5051878825980187,0.11174924049966978,0.6834588025964926,0.17300585284125572,0.14353532673926228,audio_5051.wav
45.0,0.07782025929805995,0.06352621407263319,0.909637451171875,96.89588411547658,0.142377975524966,0.5284090909090909,0.47159090909090906,744.0,664.0,1681.8528903813908,1261.6531351911747,1537.6839769514177,523.3152114681311,1512.051669034091,1971.2931781967548,0.02420984385855546,0.03797498847905435,0.8550954505161927,0.14266424165695593,0.0022402985710215663,audio_422.wav
45.0,0.08009556237084056,0.06701440221796695,0.799957275390625,102.64478578401936,0.17568635511993766,0.4538352272727273,0.5461647727272727,639.0,769.0,1927.5844220774213,1508.1724965952735,1718.942946021168,604.3569283000697,1995.4168146306818,2505.2912760775107,0.04297358069318095,0.0719693181106242,0.9461779391199202,0.05127073653561961,0.0025513168110484078,audio_627.wav
45.0,0.010959638678322703,0.009066872272123013,0.113616943359375,1.921818879350192,0.06668967595788328,0.5198863636363636,0.48011363636363635,732.0,676.0,1189.883613308178,384.6838639311123,1410.8143197797863,443.7582312680561,632.7126242897727,482.89679306923773,0.01299051361619653,0.022773540010805435,0.6706094594108228,0.32721352828800054,0.0021764176379631185,audio_122.wav
45.0,0.10287945426238151,0.0956018692761604,1.0,169.34691374920723,0.059857722024613924,0.08025568181818182,0.9197443181818181,113.0,1295.0,1215.2614642168119,895.891268459683,1543.1191144608324,508.61684553430104,570.0905539772727,1217.6599649991647,0.013056817217032689,0.03151762680627237,0.9927137893102205,0.007125822129644249,0.0001603851902055772,audio_88.wav
45.0,0.085391283079391,0.07007430780201018,0.90191650390625,116.66673961511502,0.09552652156461329,0.5049715909090909,0.49502840909090906,711.0,697.0,1517.2283298111176,839.1665040299499,1634.3101609167563,449.1508431165947,908.5471413352273,1349.6947182542408,0.016706432332268584,0.0320503827116938,0.8596316403641895,0.1362437756233579,0.00412457628135891,audio_165.wav
45.0,0.073237855347668,0.060717150524202956,0.844207763671875,85.82053529481507,0.18314608770289958,0.5248579545454546,0.4751420454545454,739.0,669.0,2220.0377965777298,1183.967221922931,1945.5017219973001,400.9691717994215,1993.4858842329545,2246.7574163758372,0.040348531576035566,0.05638020952824951,0.9427680570508489,0.04890799389819933,0.008323939592086918,audio_276.wav
45.0,0.10229504305440497,0.08520601154782613,0.942413330078125,167.42841333604107,0.19062873698435692,0.5632102272727273,0.4367897727272727,793.0,615.0,1780.3173867143012,1492.4385266654897,1178.0921043786266,548.0841331203347,1852.6056463068182,2190.811612104917,0.044381968134782755,0.109394903858837,0.7490125825617197,0.2480138760495273,0.0029735351491358146,audio_746.wav
45.0,0.0412767597887123,0.03687162286194294,0.512603759765625,27.260334378480913,0.0956348550484098,0.3252840909090909,0.6747159090909092,458.0,950.0,1269.5527280054464,720.2701618049164,1366.3609267535753,391.69248595912376,977.2283380681819,1129.2704778688421,0.026285329016613478,0.048210932204961476,0.7878755230018681,0.20858920915812487,0.003535231343194969,audio_252.wav
45.0,0.027156000727066282,0.024588344545222015,0.3336181640625,11.799174007814791,0.12002308336539357,0.27698863636363635,0.7230113636363636,390.0,1018.0,1513.607725251992,896.5774848002992,1486.1304797907962,465.1504114946681,1306.8625710227273,1759.3004235657593,0.0718693247914942,0.11223282725884526,0.9116993955194985,0.08736472287931044,0.0009358130826390207,audio_266.wav
45.0,0.04538848179525101,0.04079015370922503,0.60833740234375,32.961828474845326,0.18450650625903647,0.3196022727272727,0.6803977272727273,450.0,958.0,2604.2728107860817,1299.974065025289,1813.7390344277153,508.53310693175627,1211.4923650568182,2027.638212261653,0.40159375205462294,0.44118705048179974,0.9030027940974207,0.08762871510302679,0.009368464341455409,audio_611.wav
45.0,0.0875594094465116,0.054352523263136165,0.939056396484375,122.66640292194982,0.4632145322424059,0.9992897727272727,0.0007102272727272929,1407.0,1.0,3896.8989611837237,186.0799531743972,2349.302131464529,63.03253160018592,6533.147638494318,679.7005401277951,0.5123646600582137,0.09171324016024086,0.6611804017687181,0.18069162233109964,0.15812795871339758,audio_5058.wav
45.0,0.05814341679427114,0.04876275108205351,0.61614990234375,54.0905106641973,0.19978152747434372,0.5291193181818182,0.47088068181818177,745.0,663.0,2484.1200300896603,1469.6566560255844,1958.0383379021923,515.6555824455947,2314.8304332386365,2622.652025252973,0.11437334634013831,0.21327598842404183,0.8008844860363724,0.17627549169092868,0.022840001990022018,audio_81.wav
44.88,0.0162480625553946,0.014218740669032219,0.263946533203125,4.223992588864258,0.11106507779784676,0.33404558404558404,0.665954415954416,469.0,935.0,1535.9048012302608,815.5145380267488,1609.254432304763,516.643161348452,1093.761128917379,1333.1128451168404,0.045865682740521135,0.06869145398910681,0.8405836481765451,0.15746227261831308,0.0019538646388948667,audio_3.wav
45.0,0.03258987345731943,0.028477599317725186,0.453857421875,16.993597631425494,0.15327590732764906,0.35511363636363635,0.6448863636363636,500.0,908.0,1938.7354475296781,1131.037892105417,1456.7053488661795,508.6880760384593,1524.3474786931818,1833.6389303735323,0.12639748542742904,0.2582630355821584,0.648315113668424,0.34756581857630797,0.0041189978349756426,audio_21.wav
45.0,0.045136531956010265,0.03950141759515472,0.40716552734375,32.59690427225497,0.07973413851963683,0.38636363636363635,0.6136363636363636,544.0,864.0,917.4835797495011,396.56341313365147,866.883004515434,278.97633842382584,863.0038174715909,675.8250035238685,0.015272424989907253,0.03137602036227168,0.918728635137606,0.0808480161290711,0.000423324294288517,audio_190.wav
45.0,0.06779868108903911,0.05671583256359581,0.619903564453125,73.5465785186117,0.13236268383706087,0.4474431818181818,0.5525568181818181,630.0,778.0,1637.7000539194848,1403.1783098005062,1571.9661267615566,530.2722385598083,1488.6363636363637,2152.2767733308565,0.032911857020512206,0.06861383194256178,0.9460278799382265,0.05190562914908047,0.002066480441285169,audio_189.wav
45.0,0.06675818169595585,0.05506449127511883,0.736541748046875,71.30647717360407,0.11017168079400111,0.4708806818181818,0.5291193181818181,663.0,745.0,1456.3302619390904,816.4717520949079,1498.1487489870424,468.03508707254946,1080.7883522727273,1340.8855912275674,0.020809014517121215,0.03134067372483293,0.8974481238927441,0.09971308165349625,0.0028387826450055964,audio_519.wav
45.0,0.060020691088446765,0.05072191409481158,0.82330322265625,57.639733739756046,0.1560710500986807,0.45454545454545453,0.5454545454545454,640.0,768.0,1875.0104242332402,1006.277416276109,1726.8381153018875,414.7999923549666,1694.4025213068182,1872.5690040338877,0.03537004340591359,0.04674050594630267,0.9009993633040779,0.0917059441506974,0.007294677567534889,audio_748.wav
45.0,0.05677022937583862,0.048612604327495014,0.926605224609375,51.56574309416529,0.11325154618270303,0.3671875,0.6328125,517.0,891.0,1508.7394449885442,874.4080835763689,1500.9817660453928,535.4226402876297,1104.2258522727273,1387.9184333092824,0.0271226331641221,0.04928998280062102,0.8417405466587801,0.15595696416835209,0.0023024714642659724,audio_505.wav
45.0,0.03938108234018287,0.036209349789472,0.855621337890625,24.813914340548216,0.2306135147409927,0.27201704545454547,0.7279829545454546,383.0,1025.0,2640.5869252470584,1175.5699564975898,1737.5375734723252,548.1956122264878,1034.5237038352273,1690.6262960079493,0.3624892303150812,0.3772690327463798,0.9163848755694207,0.07027874224264773,0.01333634664781611,audio_361.wav
45.0,0.1359154228025359,0.08407521719857791,0.949981689453125,295.5680344894735,0.44060755639938387,0.9992897727272727,0.0007102272727272929,1407.0,1.0,3838.2358219552993,195.7590618532874,2367.0777753138846,66.13422804638222,6367.853338068182,667.0465108087101,0.4758277976849436,0.10712626313402357,0.7181154198076678,0.1565079096537726,0.12537666431360764,audio_5052.wav
44.28,0.015266309464166199,0.011832914420125,0.19378662109375,3.728963274491047,0.11309650674190766,0.5270758122743683,0.4729241877256317,730.0,655.0,1620.051310894189,1048.903562573398,1608.0985276884994,448.15409893536264,1238.0076714801444,1693.4881062920965,0.019388328870503034,0.034624423714871136,0.8049151625262688,0.1863411148603955,0.008743454786804456,audio_16.wav
45.0,0.05664156185017994,0.04922611768248888,0.670684814453125,51.332264461244144,0.177083579282749,0.40767045454545453,0.5923295454545454,574.0,834.0,1994.7286034351898,1272.6416478097824,1573.5664969763936,503.128441961782,1956.7094282670455,2097.602804663094,0.02872969559395382,0.04590405035267359,0.7179909080590537,0.26856935275308613,0.013439716725127568,audio_327.wav
45.0,0.052539707909876686,0.045114317246294854,0.588714599609375,44.16673451608254,0.0923563782727476,0.37926136363636365,0.6207386363636364,534.0,874.0,1274.9276571343469,896.2185954585356,1262.4973079450383,539.3581078625296,1046.9415838068182,1307.8538957539122,0.018123612253825888,0.02896898349984114,0.8920731799791266,0.10722223494512594,0.0007045661697573658,audio_313.wav
45.0,0.04155029630764664,0.03555233684586097,0.930084228515625,27.62283397205174,0.13174462742309365,0.2294034090909091,0.7705965909090909,323.0,1085.0,1634.3940922900497,1037.1177752403776,1621.9560784413295,447.91632168428805,1355.0359552556818,1845.3657559287735,0.016233633468211873,0.02916783181960104,0.9463573546159709,0.048019954053306044,0.0056226633279087375,audio_589.wav
45.0,0.08637288503926448,0.07021734868833905,0.596893310546875,119.36440432009597,0.12747170482181225,0.5610795454545454,0.4389204545454546,790.0,618.0,1487.6120760603458,1137.4412375508723,1291.9739848399718,558.5671794169923,1223.3220880681818,1569.4727145492877,0.057380144861278695,0.15784194877023647,0.9103169666263226,0.08862242143434342,0.0010606051334545942,audio_416.wav
45.0,0.06697770808450464,0.058142912080940856,0.94635009765625,71.7762140840499,0.21749405207507233,0.3934659090909091,0.6065340909090908,554.0,854.0,2430.499966634401,1263.8204383508212,1718.2098996013794,399.88990301034835,2493.8853870738635,2121.718923315735,0.05455010308644019,0.07365433765737904,0.5474062861625888,0.4245785870561256,0.028015106199513508,audio_762.wav
45.0,0.02186697567125944,0.020125089381080787,0.375457763671875,7.6506340001192354,0.1981252751739933,0.1846590909090909,0.8153409090909091,260.0,1148.0,2246.7430638626292,717.9837706021763,1977.738295551511,415.9890438303084,2406.8825461647725,1346.7720803453306,0.1312154679737071,0.09255796835950433,0.8256142108424497,0.16664444350227198,0.0077412192629615975,audio_714.wav
45.0,0.06820097304507826,0.05976062559821039,0.944732666015625,74.42196358872785,0.102136252967018,0.2940340909090909,0.7059659090909092,414.0,994.0,1287.922532946987,494.766431354065,1278.4279878610787,356.5639499525539,976.1962890625,798.4189912421682,0.010514282641899313,0.019022283485978824,0.4370302845327783,0.5600349009058037,0.002934794703582008,audio_455.wav
38.46,0.00999258950024995,0.008117868245562706,0.11309814453125,1.5976295187280891,0.09828165347382585,0.5245220282626767,0.4754779717373233,631.0,572.0,1759.3898885725007,808.2192630228213,1979.6500784633467,400.503401973671,794.3942227763923,1378.74784082872,0.03290789797219193,0.04139416413232421,0.9141792286192967,0.08101069455877406,0.004809557694827566,audio_42.wav
45.0,0.0628683990571674,0.052083182380535664,0.933502197265625,63.238969600179956,0.1402418614470298,0.4161931818181818,0.5838068181818181,586.0,822.0,1654.7435543546394,976.6678817666907,1426.8792244831773,421.5997139312189,1603.7819602272727,1643.203655679634,0.02489294653612066,0.0420293770852879,0.7156349212152311,0.27380857860824237,0.010556482199542108,audio_561.wav
45.0,0.04070172153690138,0.03504260595980369,0.581298828125,26.506082177079385,0.09943208254455908,0.39488636363636365,0.6051136363636364,556.0,852.0,1126.3682398851033,479.1865679781008,1011.5985737502605,200.20515995119456,1068.692294034091,998.3839380902368,0.007782229388009292,0.016788920837582155,0.8821432652330896,0.11328490241350447,0.004571799386377629,audio_226.wav
45.0,0.043200426266720555,0.03811703385721282,0.874786376953125,29.86042927402175,0.1944856867856761,0.3096590909090909,0.6903409090909092,436.0,972.0,2142.5687623286426,1064.3962395526628,1735.1548776844515,399.7697533934288,2195.501154119318,2030.8165527014514,0.06979697018187048,0.08575187434088045,0.7922885280888051,0.20176532500306965,0.005946113255541408,audio_110.wav
45.0,0.055123757594995916,0.04562153626039993,0.47918701171875,48.61805842226992,0.08988554150769654,0.5411931818181818,0.45880681818181823,762.0,646.0,1225.6529668699397,916.897803802424,1232.3609516171725,505.2582491905835,944.7021484375,1379.7722498336295,0.01785035121011687,0.04561066097964416,0.8477120835971845,0.15107485030885745,0.0012130476231126128,audio_739.wav
45.0,0.07995661126513325,0.06418980763239776,0.8961181640625,102.28895496005813,0.1150112708489873,0.5319602272727273,0.4680397727272727,749.0,659.0,1663.788085562275,756.5467584545945,1723.109081038749,397.40974604658726,1251.187411221591,1422.6325163622967,0.02885806170177999,0.04216945720784563,0.9162743392660255,0.07967910521433971,0.004046547473889773,audio_504.wav
45.0,0.034940382523674415,0.030215723556233833,0.501434326171875,19.533285294411083,0.1849947013815297,0.3991477272727273,0.6008522727272727,562.0,846.0,2076.0503128746855,1277.7172320654602,1739.6459057817667,503.59218935581595,2146.784002130682,2260.586895968057,0.060350463702218166,0.08372625333911776,0.8419342052029569,0.14935454741492224,0.008711198609875064,audio_379.wav
45.0,0.0413617180376622,0.03483430569130724,0.456329345703125,27.372667504433128,0.12426128369622735,0.41051136363636365,0.5894886363636364,578.0,830.0,1629.9688874467786,591.5582778327546,1645.669527927821,303.67147537054313,1237.9372336647727,1167.8395700832984,0.038704841684240036,0.041094612899550804,0.874051841629068,0.12360460409199933,0.002343522457297077,audio_520.wav
45.0,0.12509947138431676,0.07789112379928889,0.95001220703125,250.39804385016777,0.4623784199700277,0.9992897727272727,0.0007102272727272929,1407.0,1.0,3883.250583107721,231.3539622307688,2352.5162742926145,71.98478214729997,6509.022105823864,695.1730293196198,0.5038588597925115,0.08621122722483245,0.6343693766287637,0.20157910229897488,0.16405151232281814,audio_5068.wav
44.64,0.0726549208159197,0.05912397491227806,0.460601806640625,84.45980030028099,0.08707099444303658,0.49570200573065903,0.504297994269341,692.0,704.0,1549.1943071851724,995.9625133522303,1800.711872646236,514.7347564759455,824.7895773638968,1550.879536033967,0.02785617890179283,0.052932896228112356,0.9909777193799415,0.006020961532582196,0.003001310655415679,audio_30.wav
45.0,0.14069624332102718,0.08745983443006691,0.949981689453125,316.72692615439496,0.45305479590943876,0.9992897727272727,0.0007102272727272929,1407.0,1.0,3881.335813498992,208.27813274375785,2352.9482686902616,60.884004851423,6425.270774147727,822.7965948764028,0.49469108455948957,0.10862285665929645,0.47722355860422117,0.35088143884898115,0.17189499479923978,audio_5041.wav
45.0,0.05442903708494246,0.045717892524060985,0.577239990234375,47.400321247904664,0.13682588448039512,0.3309659090909091,0.6690340909090908,466.0,942.0,1680.9575093448352,1004.7064428373177,1610.2080293514618,312.62167163855344,1404.3079723011363,1591.350265080784,0.02952932112012824,0.03586903124802247,0.9758166621133515,0.015835736850517278,0.008347584871090791,audio_485.wav
45.0,0.036947511194184685,0.032409426460877154,0.690704345703125,21.84189733511044,0.11395710271819821,0.2805397727272727,0.7194602272727273,395.0,1013.0,1480.6076752302934,558.5367685106545,1553.9880103549838,344.03260216930124,1226.4959161931818,1030.5916841413748,0.028401535889174653,0.028527739355437672,0.9148737862249608,0.08339595338535996,0.0017302232693379611,audio_475.wav
45.0,0.03734329331896166,0.031759851560836605,0.652496337890625,22.312344894496103,0.12589323040726447,0.33238636363636365,0.6676136363636364,468.0,940.0,1653.9204894487418,990.4112230620922,1670.574613857343,327.00206485935996,1319.302645596591,1570.371138955071,0.0362725667470306,0.046778729733337375,0.9352048571225693,0.04607907147093869,0.018716032234255595,audio_145.wav
45.0,0.05212483336082225,0.042416022208751944,0.81671142578125,43.471972046295804,0.16889259568416068,0.5994318181818182,0.40056818181818177,844.0,564.0,1645.2199451106108,1259.215500573356,1189.4952823823353,611.321489530346,1491.3773970170455,1900.7310280144152,0.09271665180587735,0.1936739686758474,0.9109039883298886,0.08179796068667565,0.007298031446445949,audio_308.wav
45.0,0.06694961684056627,0.05586949896647268,0.9381103515625,71.71601912157817,0.09450013125018229,0.45738636363636365,0.5426136363636364,644.0,764.0,1013.3856060703954,510.100251549152,918.6975064329323,290.00835250756967,1016.7014382102273,1010.8314609674096,0.00412435735882367,0.006913421609532808,0.9348094553963346,0.06460855378858482,0.0005819799989059322,audio_184.wav
45.0,0.0859873326304382,0.06921331398666952,0.837005615234375,118.30114196636197,0.09319943499921528,0.546875,0.453125,770.0,638.0,1386.4803557919165,933.5720619837316,1465.0826055415448,494.761180640865,924.2276278409091,1387.035945208375,0.018207513968221564,0.03458680392771819,0.8966656005234998,0.10118477774029237,0.0021496146614602253,audio_586.wav
45.0,0.06314783614952944,0.05425708525114449,0.56976318359375,63.80238736588508,0.16482592336933802,0.3849431818181818,0.6150568181818181,542.0,866.0,1889.1974047957322,1265.1681985629386,1591.3518329825108,465.8801242749142,1810.391512784091,2127.897291111316,0.050376862476891555,0.07182394649257011,0.8446178957359458,0.15289847271234963,0.0024836172716794567,audio_398.wav
45.0,0.07435237323250966,0.06257665580849349,0.927947998046875,88.45240648490274,0.10850153958547165,0.4431818181818182,0.5568181818181819,624.0,784.0,1568.8170685592327,880.5223506996342,1551.2540752108682,541.0432853183154,1129.7496448863637,1368.7460613219255,0.02537825221458517,0.04861233769504051,0.7989625788144046,0.19503409141124584,0.006003318564790732,audio_726.wav
45.0,0.10354933926887412,0.08630535954321888,0.982147216796875,171.55945060832633,0.07740427417260302,0.46235795454545453,0.5376420454545454,651.0,757.0,905.8900205797959,429.3921667638396,901.3281455096181,442.9620277046864,776.8221768465909,550.8073683519729,0.006267685951706529,0.012633246935502433,0.775895560877223,0.22383961707575803,0.00026481627901843804,audio_466.wav
45.0,0.06722727349026857,0.059055027401183756,0.933563232421875,72.31210081496586,0.18052941740196862,0.4211647727272727,0.5788352272727273,593.0,815.0,1688.7622779353019,873.3275271847054,1092.6383081877868,406.9767165961575,1544.100674715909,1503.6426363510986,0.11893396173763589,0.2657684091857537,0.7186560918552943,0.21947722289585084,0.061866665140381735,audio_218.wav
45.0,0.04466205834391972,0.040848965403464214,0.9422607421875,31.915191288251016,0.15203007226398926,0.2627840909090909,0.7372159090909092,370.0,1038.0,1671.040060020166,826.5379753997762,1315.742569074023,548.3964001502145,1568.3704723011363,1508.927122370809,0.09047506420205365,0.1585135192347456,0.5418388196249277,0.45214187718722454,0.006019261056705514,audio_644.wav
45.0,0.039798641407665335,0.03689661315840404,1.0,25.34290972633494,0.07888691512071544,0.1953125,0.8046875,275.0,1133.0,1250.8169880397218,628.4898260331598,1385.550078005167,633.8282400592065,861.4723899147727,715.5766003158502,0.05359052325434487,0.06703769971630777,0.9682274080398328,0.03135396703288564,0.00041859621266100873,audio_351.wav
36.32,0.03246177314332841,0.027941350263017507,0.515289306640625,16.860267449742683,0.22703095235227208,0.4119718309859155,0.5880281690140845,468.0,668.0,2468.6963890701154,918.5446774696446,1930.8870805870663,299.9784328975336,2689.907020246479,1887.7682943124523,0.1411946732720271,0.12694073724682375,0.6670934396660291,0.2803144776175583,0.05259199581888566,audio_248.wav
45.0,0.015069251209212261,0.012924375796792068,0.273468017578125,3.633317312101523,0.10680223166976621,0.2109375,0.7890625,297.0,1111.0,1248.2719354648293,728.5690358874145,1099.7434829898384,266.29989584466165,1118.929776278409,1162.1043387621214,0.01048524892450104,0.01567183931557545,0.8005954022705349,0.19537327686173517,0.0040310505288627205,audio_83.wav
45.0,0.013218273021014318,0.011035073072971711,0.171966552734375,2.7955638665292,0.17212454461742308,0.5440340909090909,0.45596590909090906,766.0,642.0,2072.81713013222,825.3134115324059,1670.9559654393436,302.5021894351916,1976.3294566761363,1757.788612861972,0.06140963615993686,0.0846173825859818,0.7985077860238556,0.1917734498634824,0.009718399503558137,audio_71.wav
45.0,0.06045051776415367,0.05221237526908553,0.94842529296875,58.46824156726814,0.1179411360293556,0.3778409090909091,0.6221590909090908,532.0,876.0,1478.3718916029893,931.3227945867271,1360.8162353187713,376.04092571015707,1298.062411221591,1477.2060542216432,0.015877534566667347,0.0310076970264109,0.8214583401185175,0.16701320194561006,0.011528440895551773,audio_287.wav
45.0,0.03322555122602293,0.03132253165474769,0.4608154296875,17.662996068369182,0.08269386485259007,0.1534090909090909,0.8465909090909091,216.0,1192.0,1337.8385149750923,562.9054417846601,1487.2338893565475,569.0468908132137,758.7002840909091,459.3856771678816,0.05069038546452376,0.05394126669472649,0.9179859365819772,0.0820099020844069,4.116285876133383e-06,audio_367.wav
45.0,0.0846182056616061,0.07627650821186727,0.97149658203125,114.56385167023788,0.11869738707970427,0.32670454545454547,0.6732954545454546,460.0,948.0,1574.5746685242084,841.0284718910567,1374.8927139446837,512.9066417636809,1119.9507279829545,1350.7395074054937,0.09500387469942972,0.19133604816540142,0.717780417589951,0.2796742333920224,0.0025453395425840955,audio_166.wav
45.0,0.01784285274998935,0.017675710959310725,0.82440185546875,5.09387830812484,0.0652785628868929,0.009232954545454546,0.9907670454545454,13.0,1395.0,1390.1237927773168,911.6223172469084,1675.3679269439929,515.8277004280159,706.3432173295455,1320.9444529965392,0.047089641272924296,0.09492461384416914,0.9895455061120804,0.0103859119027589,6.846519409015821e-05,audio_94.wav
45.0,0.03105610560140642,0.02202204424709224,0.2967529296875,15.431707122011318,0.1356522717392663,0.890625,0.109375,1254.0,154.0,2010.853573901886,1004.5779580479726,1948.2086027561832,383.7581720641748,1468.1396484375,1887.629696700821,0.041958680698113454,0.05158320546707646,0.8377423345040043,0.14519427072916025,0.017063329361227026,audio_108.wav
45.0,0.07065866746790508,0.05989816339927883,0.75457763671875,79.88235661343982,0.1543279921222113,0.44673295454545453,0.5532670454545454,629.0,779.0,1740.004080579669,1298.488529721794,1516.0432684044902,719.0249160774242,1736.172762784091,1977.219779078957,0.05453300263073733,0.09001910132379955,0.7171424721333205,0.2821797958957675,0.0006777185221405297,audio_511.wav
45.0,0.11365342157478954,0.07007819902305933,0.95001220703125,206.67360377050937,0.4490256236466995,0.9992897727272727,0.0007102272727272929,1407.0,1.0,3826.7372442038004,204.1907039361126,2365.3809034698356,61.101807303512786,6438.798384232955,610.6145424503464,0.4950645537892962,0.09016249206068125,0.6246714688260178,0.22134686982787483,0.15398165097457414,audio_5059.wav
44.224,0.0628588674032887,0.052972307526791364,0.75738525390625,63.21979537958771,0.1457447394863924,0.5083152566883586,0.49168474331164136,703.0,680.0,1851.0024924122513,1228.210584197438,1600.9312811314344,495.68507303508926,1498.576464208243,1984.2868174891032,0.026469981868049133,0.04359371925311713,0.7442771811242441,0.25084672721147017,0.004876074848280805,audio_310.wav
45.0,0.008121837208600472,0.005572171616684301,0.063446044921875,1.0554278342881136,0.04659381471363155,0.8693181818181818,0.13068181818181823,1224.0,184.0,945.3399393475979,554.290184194486,1359.7303280986062,476.5794709003099,459.0398615056818,519.959151298204,0.0023633785024433375,0.006504256680455417,0.8899093202634616,0.10927141326695096,0.0008185144754256056,audio_50.wav
45.0,0.01617553777453761,0.014045359399395899,0.241851806640625,4.1863683567278915,0.12431197821108085,0.32386363636363635,0.6761363636363636,456.0,952.0,1653.0315095692356,1024.8898278246256,1611.5973119580628,424.7324691117625,1368.7633167613637,1798.5940508918216,0.04037429955787569,0.06380148323219761,0.8294073595347555,0.16584249070792897,0.004749923765202186,audio_6.wav
45.0,0.07656209534959468,0.06377793639101223,0.948150634765625,93.78807110912683,0.11979461082584837,0.4538352272727273,0.5461647727272727,639.0,769.0,1501.8848008557593,1343.3924953088565,1093.4666612996612,645.7166828966236,1129.2058771306818,1634.3252259497726,0.082702645149123,0.25638327080621304,0.5850268739306131,0.41373368433990965,0.0012394283622718953,audio_515.wav
45.0,0.03882678266780404,0.035476220805626214,0.93975830078125,24.12030483732621,0.2326774064963979,0.2571022727272727,0.7428977272727273,362.0,1046.0,2319.989650249985,787.7380691485793,1635.087987961944,374.20569563557393,2792.4027876420455,1333.7989837459977,0.0756794409163465,0.07168346312616099,0.559205756100192,0.3227752337845827,0.11801892676909129,audio_742.wav
45.0,0.07275805713668762,0.06127179175659151,0.94696044921875,84.69975805288801,0.08169316901829031,0.4346590909090909,0.5653409090909092,612.0,796.0,937.2867215676303,415.07587074151394,906.1119210173958,421.73919627073576,816.5949041193181,551.5599181808052,0.007764168030638921,0.014442759912672274,0.7687938656796567,0.2305820100277654,0.0006241124189046018,audio_545.wav
45.0,0.07312276559041872,0.06417053571637579,0.999969482421875,85.55102156146118,0.10852931740182972,0.33948863636363635,0.6605113636363636,478.0,930.0,1369.7433094092867,775.6877434525231,1272.570320865618,513.1370640049104,1241.6215376420455,1281.7124948501119,0.027141105841474746,0.06632737060198092,0.8043393111294384,0.1908329530213159,0.004827724386076995,audio_489.wav
45.0,0.09078059235586391,0.07203776308756998,0.891876220703125,131.8578551757046,0.17766969120790446,0.5703125,0.4296875,803.0,605.0,1964.1367918944547,1529.4235298101023,1557.140674691898,498.6021075521246,1839.2444957386363,2250.883484944022,0.03557719572278062,0.06478203118166712,0.9208758576570482,0.07235675284887609,0.006767383167433949,audio_697.wav
45.0,0.04964485421666741,0.04156896867038925,0.691009521484375,39.433784803106555,0.10264875367882455,0.4190340909090909,0.5809659090909092,590.0,818.0,1157.8434616372383,462.43395837006824,1026.2026579364674,214.2322198109187,1101.3072620738637,970.6396762207307,0.006447566420337069,0.01076729514778817,0.8355808551978252,0.15944275791843832,0.004976363042213664,audio_225.wav
45.0,0.06596581366816945,0.057012335280515476,0.954315185546875,69.6238171664584,0.13256685078729277,0.3671875,0.6328125,517.0,891.0,1658.4851237190874,902.7831325408633,1586.2965765213376,402.9666255059725,1434.603604403409,1494.1413571958592,0.02846745876687793,0.048445762048328185,0.6838555732246653,0.30912031597793227,0.007024094214572277,audio_553.wav
45.0,0.044330731108808266,0.03811969650504619,0.641357421875,31.443419530263377,0.1675363438004775,0.37073863636363635,0.6292613636363636,522.0,886.0,2177.5100964792746,1296.199729090421,1606.8122982997668,587.4860754995839,877.4968927556819,1371.7610093446915,0.2641551790199005,0.38318426407690326,0.7467000652346516,0.24545068128234893,0.007849219302786842,audio_237.wav
45.0,0.061502436461564065,0.05331162085781708,0.903411865234375,60.5207950513396,0.09451540904917924,0.3039772727272727,0.6960227272727273,428.0,980.0,1005.179182722812,436.79981401135615,890.4202541388738,209.30606408425592,936.3569779829545,764.2986822822137,0.005321421928540553,0.006560360915532902,0.9684725732887548,0.03105693243706279,0.0004704822337707151,audio_197.wav
45.0,0.06297915928612964,0.053852669424131236,0.92694091796875,63.461992070203024,0.11613627241148947,0.29829545454545453,0.7017045454545454,420.0,988.0,1396.8073025726446,1036.1246664041996,1405.5345150033843,504.1135973401457,1188.3988813920455,1636.3126464672685,0.020979067008010686,0.03896046202188198,0.7365340498322016,0.2621237148741646,0.0013422186149668813,audio_449.wav
45.0,0.06866973846419958,0.05698686739993734,0.63983154296875,75.44852769186514,0.1666155091882072,0.4012784090909091,0.5987215909090908,565.0,843.0,1862.1707287527718,1112.1759973398857,1501.842366390514,471.10489049263697,1830.9215198863637,1834.4241912814375,0.020517616696384494,0.035503772577343884,0.24774120561875726,0.7385352256911782,0.013723544866710059,audio_567.wav
45.0,0.08265517507382007,0.07065953092619608,0.94573974609375,109.31004746374157,0.1448224233644769,0.40269886363636365,0.5973011363636364,567.0,841.0,1751.258044887358,1043.4718793991399,1419.3907617645928,539.0863751118832,1180.7861328125,1533.739605530162,0.11249515079772382,0.229727686118536,0.5949234681512655,0.4002097221535377,0.004866798118057718,audio_477.wav
45.0,0.055207239340624645,0.047672215306294306,0.78338623046875,48.76542840980821,0.12313072657045357,0.37073863636363635,0.6292613636363636,522.0,886.0,1707.0427896630965,954.2329789101486,1645.42561804672,580.6690913645335,1249.7003728693182,1510.567775905764,0.039950115837376045,0.06822676300756904,0.8270483280556918,0.16699759474266898,0.005954057629499608,audio_728.wav
45.0,0.03852794730239568,0.034908496365182916,0.41754150390625,23.750443573378853,0.1790828876151217,0.2997159090909091,0.7002840909090908,422.0,986.0,2251.692968282108,1126.0946409636747,1700.7599395796058,578.7567215881597,1292.236328125,1942.3084678075872,0.22742871755241925,0.2467734687011459,0.9464159222708609,0.04882620342499237,0.004757841239689626,audio_377.wav
45.0,0.06875044217867385,0.05604762502823108,0.906890869140625,75.62597279621082,0.12006405564452173,0.5816761363636364,0.41832386363636365,819.0,589.0,1566.3156905096,940.923722294777,1561.052710903243,508.70946870931533,1231.2788529829545,1383.5489712704668,0.03128177981551892,0.0562623544663678,0.8458208563408126,0.14967159822152856,0.004507533241171097,audio_633.wav
45.0,0.08096146745057359,0.07232059458618073,0.97869873046875,104.8761473880046,0.1267842038669498,0.27485795454545453,0.7251420454545454,387.0,1021.0,1446.653592558651,802.4427209667298,1346.761708693762,433.34962147733904,1368.5746626420455,1345.8130886538254,0.01981381775584819,0.03280773007331787,0.8942803297266815,0.10442513652399467,0.0012945257933145958,audio_690.wav
45.0,0.09353617260773522,0.07847668459269624,0.92742919921875,139.98424937766458,0.20338500470139542,0.4822443181818182,0.5177556818181819,679.0,729.0,2080.6163381624456,1506.8973987607972,1475.8020569952473,578.222609356702,2223.4330610795455,2417.50995300367,0.07610244168864927,0.14775051101925657,0.8481674433594565,0.14418621731439396,0.007646332622210868,audio_525.wav
43.62,0.013736082834600368,0.011547169192931755,0.145904541015625,3.018879546224046,0.12439695724002356,0.4703296703296703,0.5296703296703297,642.0,723.0,1546.1242047222343,795.348262229896,1372.543579232803,448.22746692041346,1334.9473443223444,1459.6429090582742,0.054186102517836544,0.09566737676770674,0.7701804008034545,0.22526241434654626,0.004556844781323813,audio_31.wav
45.0,0.07591796895597448,0.06377124055582685,0.979248046875,92.2166081664049,0.14793631657821746,0.3728693181818182,0.6271306818181819,525.0,883.0,1782.6348910555726,1338.8560669312574,1423.2577613746123,484.1511201511164,1680.9193004261363,2010.7943478809343,0.0369834702302044,0.06644239263510698,0.8897626435206014,0.08963255190088748,0.02060479419087144,audio_676.wav
45.0,0.04584121868197771,0.04019517818432594,0.67767333984375,33.62267728398243,0.17001551391043598,0.3046875,0.6953125,429.0,979.0,1974.7970324501696,1188.5271864303318,1803.4489711112706,597.5070851903683,2164.1845703125,2442.186945989099,0.11173731257328727,0.1677634704272436,0.8712188965889569,0.125627117704728,0.003153959802227691,audio_263.wav
45.0,0.10970592999836215,0.06974118405465596,0.949981689453125,192.56625722888856,0.4565825785869147,0.9992897727272727,0.0007102272727272929,1407.0,1.0,3849.5009175588275,247.23884279185958,2352.779120204013,57.980880155213036,6435.091885653409,876.3130102315286,0.5053371113387345,0.09902898335947388,0.5981653411572067,0.25739315430649673,0.14444149350166766,audio_5070.wav
45.0,0.09268117109787422,0.07790010306788385,0.888519287109375,137.43679161717495,0.11770294125408508,0.45667613636363635,0.5433238636363636,643.0,765.0,1546.7044141411773,1018.2102643054097,1501.2665786043917,714.91605314423,1242.9310191761363,1485.9074361496303,0.04327536711054396,0.07688703668066323,0.6947165187956222,0.30473947680295493,0.000543996367309209,audio_510.wav
45.0,0.08582815686294509,0.07973353716038156,1.0,117.86356016784492,0.09721819058082025,0.2137784090909091,0.7862215909090909,301.0,1107.0,1336.039164268412,622.7024800427788,1425.2119111829195,450.38659631975463,1074.795809659091,1022.4441974643231,0.027855355927486457,0.03937156233218349,0.9389054798318864,0.05925063527237318,0.0018438783050637123,audio_577.wav
45.0,0.05455704074266233,0.0463307833335371,0.999969482421875,47.623531113544274,0.1596439717277385,0.5490056818181818,0.45099431818181823,773.0,635.0,1484.8689640021942,619.6517185158214,1033.513078348818,215.09142566646364,1770.6409801136363,1233.7585172424922,0.014273636282437645,0.03138555386692611,0.7718017450492817,0.2094078372609669,0.01879039431651709,audio_230.wav
45.0,0.04289542328937417,0.03910465797535779,0.728546142578125,29.440277426793344,0.13687310676820386,0.24360795454545456,0.7563920454545454,343.0,1065.0,1833.6635298383553,1138.6675890582715,1471.766839471635,615.9003815741708,1131.0036399147727,1541.9225592522407,0.22359867836787958,0.35917370608558674,0.682102242127689,0.314583547273422,0.0033141720396980736,audio_314.wav
45.0,0.04617243345737765,0.04291508152920872,0.9091796875,34.11029778201547,0.13623074476492328,0.17258522727272727,0.8274147727272727,243.0,1165.0,1621.7533814820827,750.6241830023539,1631.2620569613582,448.8520975403106,1557.5617009943182,1489.0374427844652,0.01853138908432569,0.02824099736737811,0.9147798480685503,0.0825897658599694,0.0026303620577812193,audio_641.wav
45.0,0.0637876256572092,0.05492026454714335,0.875396728515625,65.10177899174806,0.10872376211633628,0.3835227272727273,0.6164772727272727,540.0,868.0,1252.7781767247145,912.9611741321829,1202.0145781673984,435.6174866252953,1138.516512784091,1369.4220249555265,0.013492517758166473,0.026211455901893957,0.8757232922344744,0.12326210836178324,0.0010145862141933298,audio_689.wav
45.0,0.05010154972652637,0.04229988272395152,0.660308837890625,40.16264455999351,0.158610636959218,0.37073863636363635,0.6292613636363636,522.0,886.0,1770.1850473428742,1329.2771471619685,1390.75667780959,519.1577352420627,1776.8443714488637,2058.5390444971204,0.03043287377840526,0.054383850302639036,0.9079081516053689,0.08699636580985763,0.005095461659467766,audio_352.wav
23.65875,0.06552415027246632,0.05327422881320378,0.955841064453125,68.69462830285997,0.1626609147274125,0.5681511470985156,0.43184885290148445,421.0,320.0,1520.01218406842,529.8464293551483,1076.6043065667604,189.50403100051403,1876.5393049932525,1260.1657585530209,0.019939917969235298,0.05011240756867198,0.6967776486677701,0.2773857569872671,0.02583657604649896,audio_193.wav
45.0,0.137635654296923,0.08516957267597747,0.914337158203125,303.09717333987356,0.45005895841522003,0.9992897727272727,0.0007102272727272929,1407.0,1.0,3851.8348132739125,205.35372151996367,2367.7263915996955,73.23805227247819,6434.858842329545,733.5686772211888,0.4953544964795684,0.10221555997168306,0.7157969172685217,0.15042810827667208,0.13377496820205015,audio_5049.wav
45.0,0.06311617767917273,0.04812619338037283,0.664306640625,63.73843015726242,0.21347946316592106,0.6974431818181818,0.30255681818181823,982.0,426.0,2584.5341860688704,1580.6309403530895,1813.1287894415896,485.75354426300447,2552.0130504261365,2535.9211045662623,0.022015126948917895,0.03931723764243126,0.7635679023027884,0.20483883878148548,0.031593240143829936,audio_300.wav
45.0,0.05313596688531122,0.049298265746187314,0.610809326171875,45.17489562939025,0.09555846605342508,0.2507102272727273,0.7492897727272727,353.0,1055.0,1599.7448512176932,1087.080779975116,1412.5683960393978,572.8772079781471,704.8894708806819,921.8566652652981,0.1904943536190706,0.34390003888701215,0.9291373357596912,0.06992790580499883,0.0009347410565089779,audio_581.wav
45.0,0.08165950615970512,0.07051377149453486,0.920379638671875,106.69239913995067,0.11418626970315236,0.38423295454545453,0.6157670454545454,541.0,867.0,1704.4335945791595,1011.5701101659124,1818.697831143087,529.4275187577183,1180.4865056818182,1854.7943936679922,0.024924028592286648,0.04405990670647734,0.8974090073612814,0.09945660550116382,0.003134379232984332,audio_164.wav
45.0,0.07994962697742762,0.06303983840690529,0.920562744140625,102.27108566127717,0.11887655399521388,0.5696022727272727,0.4303977272727273,802.0,606.0,1522.7777032258382,1134.5423845836194,1489.9926100037844,493.36003729538163,1265.103426846591,1736.039367993495,0.020227136207285293,0.04428437419829716,0.9428763912222847,0.05491494445295647,0.002208656756562639,audio_502.wav
45.0,0.08199137152273253,0.06802899958344658,0.9293212890625,107.56136006686009,0.16137730746848258,0.4666193181818182,0.5333806818181819,657.0,751.0,1925.3093621920714,1103.6062828272236,1621.1991887331694,423.30204120193065,1810.635653409091,1888.0426073417743,0.019860034614348668,0.03793170060257872,0.8005890007869125,0.18317872532953966,0.01623226406065261,audio_380.wav
43.32,0.01708722867367362,0.013683132243840398,0.209503173828125,4.6715741399426225,0.05574295323025339,0.4177121771217712,0.5822878228782288,566.0,789.0,1162.8411832479317,796.1224598845379,1591.0285126525705,511.7017037795688,562.0618081180812,1161.0313134358028,0.009650941091503917,0.025622346513886514,0.9377842548922672,0.06159809316336472,0.0006174899258145617,audio_15.wav
27.62,0.0766398162731478,0.06827770151371498,0.704010009765625,93.97858301410957,0.16044003539110108,0.34797687861271676,0.6520231213872832,301.0,564.0,1656.3526623475855,1306.8067693396047,1320.9832487305378,582.6011043379043,1759.1582369942196,2102.9047921452325,0.06768790276310753,0.13545842048290868,0.98181763881545,0.017000842297707496,0.0011815112853233879,audio_238.wav
39.42,0.026425379013729204,0.020478817216616277,0.2801513671875,11.172810496307838,0.12827186116162664,0.6009732360097324,0.3990267639902676,741.0,492.0,1941.2988617610208,1074.8509721517435,1907.4617980480605,419.8017052355451,1376.013787510138,1933.2984872865163,0.031038493465194786,0.05219568982463774,0.8499191661012645,0.14528416086507748,0.0047965908974139625,audio_53.wav
27.7973125,0.056015253581885804,0.04517814616128178,0.514129638671875,50.20333814148752,0.16305007689609582,0.6103448275862069,0.3896551724137931,531.0,339.0,2064.06414024684,1170.2290851524535,1680.3974667046625,477.4627992747977,1853.8254310344828,1982.0441818930544,0.04528126241722772,0.0731980692186324,0.7934516955764418,0.19627255322211487,0.01027573062977069,audio_283.wav
45.0,0.07304148541537388,0.06043523361537436,0.79913330078125,85.3609374669484,0.19725791285821231,0.5426136363636364,0.45738636363636365,764.0,644.0,1989.8196974214866,1574.5008113902852,1417.2779854666644,563.433535932172,2070.157137784091,2354.7760831032433,0.03472485368312836,0.06742150887012398,0.6137217806384305,0.3836594986275971,0.0026187063533752294,audio_614.wav
45.0,0.06716357595305876,0.05713143270448582,0.709075927734375,72.1751349568367,0.13012865295646245,0.41051136363636365,0.5894886363636364,578.0,830.0,1594.366908823432,1064.7700150906585,1500.8500750820413,528.8238589594814,1374.6337890625,1806.6687568142645,0.021009403324800103,0.03423544045974109,0.7447358512544977,0.2498529195941803,0.0054112143665980775,audio_121.wav
45.0,0.07368511522375006,0.0612428662059383,0.999969482421875,86.87193928859713,0.13724046838953943,0.35298295454545453,0.6470170454545454,497.0,911.0,1235.5129588867628,632.1849281760911,932.3655938875122,259.1036974324131,1473.1667258522727,1240.3338795226305,0.006920888236816699,0.015500836872494485,0.8802386497793356,0.11746119888590403,0.002300141400563572,audio_216.wav
45.0,0.08182102665060408,0.06784177278547601,0.9146728515625,107.1148864345418,0.13929602680003722,0.5177556818181818,0.48224431818181823,729.0,679.0,1711.053405014181,1021.7481780761458,1559.5867073227826,364.69809723016067,1528.597745028409,1586.6768797351447,0.027214851934962547,0.0418119768686094,0.7658758701800705,0.22489404641813307,0.009230073534941931,audio_552.wav
45.0,0.07450350406332185,0.06403417513441192,0.947601318359375,88.81235388341463,0.11623766144119645,0.3586647727272727,0.6413352272727273,505.0,903.0,1483.3635603275206,931.4289258390999,1497.8246160827848,606.83334234704,1119.6954900568182,1269.526997126824,0.039929911368889896,0.06585953850798654,0.927341594218867,0.07208290894715079,0.0005754879709252442,audio_514.wav
45.0,0.06801615311465911,0.0594383311779928,0.946502685546875,74.01915335226803,0.09150012708350984,0.3103693181818182,0.6896306818181819,437.0,971.0,1325.4118997263388,632.4056885247702,1483.1380725551187,515.1032635871015,859.375,914.8264717843764,0.017944027290697336,0.023476486191866885,0.8627707184678008,0.13647731202966232,0.0007519576836016506,audio_593.wav
45.0,0.08004222727382238,0.06734342600609276,0.67144775390625,102.50813035126775,0.12912656823134477,0.3600852272727273,0.6399147727272727,507.0,901.0,1654.1615934868698,802.3453227667336,1575.4878623036543,454.2533405234983,1350.863370028409,1513.5886604868667,0.015414379474502133,0.025236063360651217,0.2547332131209783,0.7401741942580099,0.005092575690775938,audio_565.wav
45.0,0.042325049168858896,0.03857671160401285,0.6708984375,28.662556594341165,0.28263650366181065,0.28551136363636365,0.7144886363636364,402.0,1006.0,2778.692640540404,1267.1688319830978,1902.8158792436004,422.5060891782662,2853.116122159091,2589.7285925885735,0.12791110899208794,0.18541592974855706,0.7553596888825028,0.22938754684214416,0.01525272555554319,audio_140.wav
45.0,0.031359477954407924,0.025667683099154646,0.27606201171875,15.734669721167949,0.11701335696299578,0.5475852272727273,0.4524147727272727,771.0,637.0,2333.1021303528337,1579.8409365870061,1687.5415413328249,607.8219868813728,1139.1823508522727,1985.2370816530517,0.2787678146626904,0.42581607522337933,0.8680870911646129,0.12129030673487723,0.010622543020451122,audio_117.wav
45.0,0.0869452286799741,0.07356029378464712,0.93792724609375,120.95156464340786,0.10234458658970359,0.3963068181818182,0.6036931818181819,558.0,850.0,1317.9818965926831,889.5002496399139,1416.632747680979,487.60046483092384,1068.326083096591,1383.7433094495377,0.014786310037011615,0.03255402420680653,0.8487837705697728,0.14999499223897772,0.0012212297789876369,audio_495.wav
45.0,0.04658563009464863,0.04197913201321251,0.538543701171875,34.72353490104692,0.14948631873099824,0.25426136363636365,0.7457386363636364,358.0,1050.0,1895.5963585775428,1110.8038347487252,1826.6859891303493,435.29076456954357,1584.2840021306818,1956.2409551576723,0.043774757866026054,0.04534418584098466,0.8784146319395555,0.11689967060862384,0.0046856721137199546,audio_652.wav
45.0,0.037573594949567427,0.03393017665045655,0.692352294921875,22.588400598946546,0.1574745242701726,0.32386363636363635,0.6761363636363636,456.0,952.0,1643.4528740926048,867.7762966466497,1220.5915994411648,513.5695984587184,1536.9318181818182,1410.8385116849756,0.06820118623462612,0.14227150908295755,0.5491389757911632,0.44512969929815216,0.005731265561321868,audio_645.wav
45.0,0.047860801135825574,0.042790619683320645,0.684173583984375,36.65050056580868,0.08625914758214942,0.31889204545454547,0.6811079545454546,449.0,959.0,1439.6148957907121,1451.933356030031,1090.5569649005909,864.3398784508306,904.7629616477273,1659.0463184276537,0.44668110346122913,0.47763168848570525,0.8292412675298658,0.15778345888025366,0.012975246482522679,audio_242.wav
45.0,0.011338445570991307,0.009983030150799287,0.122650146484375,2.0569655674613183,0.2603649449513124,0.4460227272727273,0.5539772727272727,628.0,780.0,2654.1493743340507,965.119034566197,1782.46457032368,298.95121232750614,2969.3714488636365,1997.7287822721237,0.14759872725655224,0.1671041106471004,0.39677116136444807,0.5397096408375943,0.06351827249476821,audio_4.wav
45.0,0.012374849834742118,0.011135172195102825,0.2969970703125,2.4501905349186726,0.15508424317255995,0.22301136363636365,0.7769886363636364,314.0,1094.0,1911.5079608133144,934.6805267758355,1654.2515773840364,402.07594603114694,1644.6977095170455,1748.4004322510195,0.09141026499773847,0.13386275517157847,0.8863400945464517,0.10713869173104107,0.00652085200168882,audio_93.wav
45.0,0.05709507584041346,0.05379157949536442,0.929046630859375,52.15756296356105,0.08676956495772911,0.1981534090909091,0.8018465909090909,279.0,1129.0,2107.0522828245807,1334.9796400746006,1611.189937235894,633.0199776507227,570.068359375,813.4793501425979,0.3567621997548238,0.44338087623774286,0.9529953435401733,0.04576973445583986,0.0012349075135391744,audio_582.wav
45.0,0.05284506815417602,0.04742966520593569,0.956756591796875,44.681619651512136,0.14970576348022704,0.2649147727272727,0.7350852272727273,373.0,1035.0,1423.805352932053,557.0886839127365,1051.6740083381883,231.44177640641752,1640.780362215909,1068.7567638806152,0.015227250700092933,0.025835541772542065,0.8364520243583536,0.14690333550254675,0.016644617443011343,audio_222.wav
45.0,0.1221526206278803,0.07602931810500643,0.949981689453125,238.74020362014159,0.4488936790189986,0.9992897727272727,0.0007102272727272929,1407.0,1.0,3829.066015700324,214.147033764648,2354.4983753893653,55.16844190996881,6407.8369140625,727.9611411706821,0.4952760919103081,0.09362047433621856,0.646489582839475,0.20323150923477615,0.15027889916626352,audio_5042.wav
45.0,0.0454429857916523,0.03978361888934596,0.620819091796875,33.041039322565,0.0897806802509448,0.359375,0.640625,506.0,902.0,1183.7760139812194,754.4823710653465,1289.9347495130396,435.89368226452723,912.2314453125,1151.4570289543274,0.023141092953100337,0.048511385493682106,0.7346959002591973,0.26332138476694295,0.0019826828734669194,audio_253.wav
45.0,0.06636214068959471,0.05991639959042379,0.927947998046875,70.46293947048899,0.14744812145572425,0.3330965909090909,0.6669034090909092,469.0,939.0,1841.3182006413908,989.3225420502915,1520.1265224306014,489.7702438904161,1327.5146484375,1659.9154264021658,0.13395296961676692,0.22188369410403647,0.6870469935458897,0.3094509142152909,0.0035020761415622825,audio_167.wav
45.0,0.07245795568155501,0.05958193071119537,0.9107666015625,84.00248546480304,0.13888213733630186,0.5220170454545454,0.4779829545454546,735.0,673.0,1797.9587215817205,1004.673765110424,1602.2709973567116,433.27586084041786,1575.0288529829545,1731.9277539479076,0.02132893970561064,0.0362121568077613,0.8250218224639145,0.16026988238080075,0.014708283095570986,audio_583.wav
45.0,0.07073473199626862,0.06357805485832585,0.944671630859375,80.05443696934316,0.19369679680110666,0.3018465909090909,0.6981534090909092,425.0,983.0,2371.4806250839465,1194.131530801369,1852.7606008994321,477.05032739759145,1877.685546875,2243.2746330031805,0.18603992866607502,0.2675493360589421,0.5059655133548274,0.47852371047777803,0.01551075800648956,audio_682.wav
45.0,0.12898769415292247,0.081406434643241,0.95001220703125,266.20520388620594,0.44695895410965847,0.9992897727272727,0.0007102272727272929,1407.0,1.0,3824.647691644935,276.89545325850395,2362.0088888212094,70.78559707087571,6317.183061079545,936.8470219355947,0.48579601482915097,0.11592299835001282,0.6178114171967529,0.24814204372560955,0.13404653145356893,audio_5045.wav
45.0,0.07185762184154904,0.06417529584116925,0.9853515625,82.61628506756905,0.13996477772885796,0.2940340909090909,0.7059659090909092,414.0,994.0,1727.913318931987,1138.7492791324912,1551.034045505621,501.8130496021917,1499.8335404829545,1821.384994931464,0.03500842892540195,0.05417141951362406,0.7564260109685766,0.2389379782064448,0.004635998143694034,audio_173.wav
45.0,0.0762109681885445,0.061785253363552776,0.96221923828125,92.92978675576548,0.165678702331531,0.4453125,0.5546875,627.0,781.0,1887.5383179532698,1183.8476417964312,1577.4874349257814,480.91225338786467,1719.2604758522727,1932.4812112105526,0.025439003894357635,0.04359876296098961,0.8288297681236234,0.16747914765373265,0.0036910740907470916,audio_338.wav
45.0,0.07181670357526666,0.05942322344993614,0.940399169921875,82.5222225986835,0.10392583878588721,0.44673295454545453,0.5532670454545454,629.0,779.0,1079.7506833890895,523.5343825083232,906.7716021794885,297.1735451765265,1111.9828657670455,948.1968625884946,0.00729370899863974,0.018343759486410656,0.843431502580081,0.1550439471787384,0.0015245392468415614,audio_188.wav
45.0,0.0177619455393127,0.014155603384072072,0.177947998046875,5.047787349464165,0.10138000191666934,0.5880681818181818,0.41193181818181823,828.0,580.0,1600.9394859823224,1063.6444698410276,1633.1967488481328,421.73168803378115,1075.961026278409,1652.3182492865008,0.024084188720074447,0.048148577561411214,0.8663911039635531,0.12755133554598708,0.006057381805437508,audio_59.wav
45.0,0.0379119744756517,0.033530310152689306,0.955474853515625,22.997084938279457,0.14269394818603914,0.15625,0.84375,220.0,1188.0,1652.3744004724974,1238.5174976881524,1482.2801514519197,430.9786474142367,1531.3609730113637,1768.0709936913097,0.03981567525961796,0.05611564408592104,0.9300558076825455,0.05836752278824495,0.011576632536274284,audio_318.wav
44.1,0.18559881792230154,0.15453151416610425,1.0,551.1507394264902,0.08725848534365836,0.47681159420289854,0.5231884057971015,658.0,722.0,1538.2629964111632,788.9958210383219,1567.7007005633452,497.7801394553799,915.919384057971,1273.4924099969776,0.02327328432204299,0.05214330499394893,0.8247422087651352,0.1699149503028717,0.00534283922299246,audio_17.wav
45.0,0.08127596704223625,0.06801360524694014,0.949127197265625,105.69252509841074,0.12258211469738152,0.4708806818181818,0.5291193181818181,663.0,745.0,1592.6946619581402,921.379397390123,1567.9036389157109,414.3729910510048,1269.620028409091,1413.6927432024268,0.026814443564715726,0.04314999878519716,0.8751759620358515,0.12013801712151695,0.0046860124798337845,audio_551.wav
39.0186875,0.07834587177881602,0.06918904415736574,0.867523193359375,98.20920999652292,0.14720694283819585,0.3923013923013923,0.6076986076986077,479.0,742.0,1762.2269430015424,1429.1374405118127,1195.488009022029,708.7803104597915,1509.7512285012285,1932.6849904845412,0.2853645404590979,0.415761619224931,0.9219452029024864,0.06691507184699334,0.011139716515061546,audio_275.wav
45.0,0.0487633651662671,0.03965773685111758,0.464447021484375,38.04585251741939,0.19520860445639507,0.5291193181818182,0.47088068181818177,745.0,663.0,2304.83629744511,1380.3123742560952,1863.4067201063835,538.3561772197805,2248.6794211647725,2401.0573074803074,0.06632338919151251,0.09136475818233925,0.9400548090294195,0.03868196235962247,0.02126320503517601,audio_368.wav
45.0,0.0617205611950855,0.05590795626783235,0.64703369140625,60.950842787780694,0.12918281830946987,0.29048295454545453,0.7095170454545454,409.0,999.0,1744.4207196613143,1337.1857679396755,1312.7199845633097,709.6278025014191,1266.8568004261363,1755.6530814233388,0.3130183927490871,0.41572249934441335,0.9610868244456349,0.0354658145466336,0.0034473485556459327,audio_730.wav
45.0,0.13726905084836225,0.0841302693573528,0.949981689453125,301.4846771329641,0.43692560684112064,0.9992897727272727,0.0007102272727272929,1407.0,1.0,3847.469526074341,177.81524065156154,2362.346980321461,59.44285979603379,6388.571999289773,653.7696490984792,0.47681500083840656,0.10328319332545303,0.65384990459282,0.20815257057131464,0.13799751818211325,audio_5060.wav
45.0,0.09893186888244637,0.08585805265318625,0.9801025390625,156.600234889177,0.13410018625025868,0.4708806818181818,0.5291193181818181,663.0,745.0,1570.5812787881912,1228.000043927775,1393.343332268599,599.4042629044891,1477.3504083806818,1813.4353959933353,0.036866770863207776,0.07220076268739001,0.9084399083651892,0.09037693511309254,0.0011831513208794449,audio_685.wav
45.0,0.11205280984586928,0.09503316354128183,0.893768310546875,200.89331510967264,0.07326051841738669,0.46732954545454547,0.5326704545454546,658.0,750.0,900.5909447752236,843.9894953434703,986.184643363194,533.4384747625535,795.6099076704545,1244.5456206702656,0.011274719002454357,0.04922258579243596,0.9554788901248327,0.04433284236544916,0.00018826379877210134,audio_7.wav
45.0,0.0734699806619604,0.06179080890671405,0.743927001953125,86.36540893550135,0.13858699803749727,0.48792613636363635,0.5120738636363636,687.0,721.0,1381.9614402387742,569.8461803489608,1084.1757141200578,288.49039174323883,1573.575106534091,1280.2605107834115,0.04049776310465166,0.08073971173732793,0.7740840835551396,0.21502169509108907,0.010894209081935698,audio_204.wav
45.0,0.10700610044860845,0.06858825953969341,0.949981689453125,183.20488853148288,0.4660228694762076,0.9992897727272727,0.0007102272727272929,1407.0,1.0,3905.8519074665846,196.47488582504016,2341.0383392003096,55.438763462709275,6498.9013671875,904.0293534706753,0.5126344661959934,0.09857776799919316,0.6575368011501228,0.19981882171375198,0.14264436605565717,audio_5064.wav
45.0,0.029522253169169954,0.02571110685291978,0.47393798828125,13.945014914953047,0.1712453767296899,0.40767045454545453,0.5923295454545454,574.0,834.0,1922.5746688891059,911.0603077375046,1583.7612356712284,371.69823808868625,2070.6898082386365,1680.5277518840999,0.09924320046542802,0.11724918247758094,0.7899608178651141,0.1955074594580135,0.014531646544249583,audio_127.wav
33.728,0.04909369692111531,0.04308018243725983,0.5997314453125,38.563057238117224,0.19469115922074987,0.33080568720379144,0.6691943127962086,349.0,706.0,2033.9832848525434,1256.7258735892494,1575.097050239943,386.84481161184254,2070.3347156398104,1966.3585295068583,0.042186098361728624,0.04691378165768142,0.6804223035591865,0.3102346645120481,0.00934300134185561,audio_412.wav
45.0,0.012960317577930812,0.010397446079461227,0.120361328125,2.687517307533158,0.08654803687227343,0.5497159090909091,0.45028409090909094,774.0,634.0,1285.8805977112054,418.722574216657,1487.9448317228394,284.0970232830454,837.3801491477273,788.446303937203,0.0220809484222359,0.03432168506977846,0.8103389419299812,0.18670455975057887,0.0029561431298221856,audio_132.wav
45.0,0.03750811426999356,0.0331737078649896,0.64166259765625,22.509738177454306,0.3051170904404034,0.2890625,0.7109375,407.0,1001.0,2845.589323935092,1501.8785117875395,1678.8158647387397,483.32140780742617,3540.838068181818,2546.4751872618067,0.11783889555403233,0.17310248323847682,0.7151350585705081,0.12059366887658282,0.1642711797467516,audio_156.wav
45.0,0.057059670455919746,0.0479210666421256,0.456298828125,52.09289588061058,0.12485989563874395,0.44105113636363635,0.5589488636363636,621.0,787.0,1545.5394045235566,974.7959448972435,1542.1644465771062,481.39859649559577,1220.8140980113637,1532.3059986697292,0.022113217560372465,0.03188402878273275,0.789903151394399,0.2081749736190876,0.0019218561476097664,audio_426.wav
45.0,0.10154277603304941,0.08587363345438102,0.93133544921875,164.97496583196852,0.13261337862969255,0.43892045454545453,0.5610795454545454,618.0,790.0,1570.8334804472145,1189.3502857016872,1481.3668695129252,634.9971329095031,1302.889737215909,1607.211369053484,0.03877327255494986,0.05601306387400274,0.9257421436307397,0.0730489861264697,0.0012088654484134949,audio_709.wav
45.0,0.05447957078278371,0.04569178033839694,0.77398681640625,47.48837812282145,0.19249887847066455,0.4992897727272727,0.5007102272727273,703.0,705.0,2296.4689482882936,1290.585692668648,1785.814678753789,416.0585760010756,2119.2183061079545,2135.6270897145932,0.0378115788788707,0.04750106720371062,0.790486223743893,0.18603248308986517,0.023481269712650674,audio_291.wav
45.0,0.0722437266264628,0.06075248738088573,0.9290771484375,83.50649659006545,0.17189815541410475,0.4325284090909091,0.5674715909090908,609.0,799.0,1975.6917251347338,1194.999877396294,1533.1217683337795,457.2982611212703,1401.5114524147727,1778.0730225716522,0.08617707484473434,0.19598773002772946,0.7754602938813318,0.21983633737852573,0.0047033565391083046,audio_523.wav
45.0,0.08195381218271298,0.06588977367747689,0.927215576171875,107.46283730047031,0.1235654493964575,0.6242897727272727,0.3757102272727273,879.0,529.0,1559.2054142361628,920.532085629834,1532.254074144534,425.7869383399423,1289.9946732954545,1342.844296208656,0.022148343460479912,0.04858189157633126,0.8155649279716048,0.1790333480684798,0.005401714943462201,audio_632.wav
45.0,0.09157964306527498,0.07823571563167861,0.991973876953125,134.1892963834107,0.13407796399717223,0.4850852272727273,0.5149147727272727,683.0,725.0,1548.597092432945,1277.461224818189,1377.2232910342186,606.7779015061827,1457.6416015625,1947.5778538269067,0.03727282869543265,0.07886835101465996,0.9133460612943675,0.08373489869260234,0.0029190339071888485,audio_684.wav
45.0,0.08796410827046806,0.0767773131478042,0.762939453125,123.80294950109803,0.12454600631389766,0.3359375,0.6640625,473.0,935.0,1627.864488682536,930.3876326133391,1649.2229992081623,652.6656492303542,1195.3014026988637,1260.1956794968742,0.049403964497489156,0.06337035846365822,0.9578793802264439,0.04190354078340724,0.0002170729865936229,audio_512.wav
45.0,0.051568473784262873,0.0450314117765616,0.95135498046875,42.548919815011324,0.1779321915724883,0.421875,0.578125,594.0,814.0,1730.3161413492699,890.9447802418827,1241.4495866420764,404.8776476591879,1883.822354403409,1235.8785495206,0.03395743553095099,0.06196655081649426,0.5404934875195111,0.44261514105971883,0.01689133816540074,audio_764.wav
45.0,0.06549833729236189,0.054114076610268375,0.79949951171875,68.64051500902407,0.14948145761313558,0.5149147727272727,0.4850852272727273,725.0,683.0,1860.3024121422147,1112.3249186734772,1564.5926001797409,390.0738560769497,1694.9351917613637,1840.2773738412993,0.022600955572893947,0.03972372084596236,0.6825169826149264,0.3037390973495274,0.013743902542476864,audio_585.wav
45.0,0.08319584150855606,0.07104138236810537,0.931915283203125,110.7447687090685,0.13766408008900013,0.3934659090909091,0.6065340909090908,554.0,854.0,1686.2545697846383,912.8537579165874,1482.0990108920262,432.7349944071878,1438.6541193181818,1500.0804716650894,0.028527428061257357,0.04321284794955049,0.8893052407165623,0.10189667486093039,0.008798076391973426,audio_562.wav
45.0,0.10849513688946791,0.08931414476653843,0.944976806640625,188.3391156586301,0.07689941236029495,0.5056818181818182,0.49431818181818177,712.0,696.0,894.5881472219625,473.1123295450242,914.3739955759821,468.1398714531059,739.9125532670455,556.4431207220522,0.007311559405111709,0.015067041925071011,0.8384836281219172,0.16136355471832844,0.00015281236446931595,audio_465.wav
45.0,0.023102284698685586,0.01812870597928221,0.2037353515625,8.539448932785955,0.09780360806056675,0.6115056818181818,0.38849431818181823,861.0,547.0,1413.0293068245257,1083.7967532098405,1427.1840820042896,513.170049941968,1031.3165838068182,1539.8292043272033,0.025680768695656053,0.05141331304938874,0.8945812085623802,0.10369484916219678,0.0017238445531045307,audio_37.wav
45.0,0.043215659254254225,0.035720372113947615,0.467803955078125,29.881491276476947,0.1224841978947193,0.5930397727272727,0.4069602272727273,835.0,573.0,1483.8242387175078,939.6650221986331,1348.040635278545,493.23925290983044,1302.523526278409,1542.1484550856735,0.03293052642581652,0.08658435633967322,0.8518545335627762,0.14405148258159833,0.004093953333939172,audio_47.wav
45.0,0.05017790762141155,0.043269084680554834,0.51385498046875,40.28515861220658,0.2098405692230128,0.39985795454545453,0.6001420454545454,563.0,845.0,2243.151949724914,1409.4212867794238,1836.6338531754068,604.2104738413684,2482.7436967329545,2353.433831503571,0.10110328446669267,0.11454370301078931,0.6234398246121812,0.36988020014692663,0.006679944479668551,audio_233.wav
45.0,0.09026566423111282,0.08116109698559903,1.0,130.366242225344,0.17273218435025603,0.24573863636363635,0.7542613636363636,346.0,1062.0,1922.7168046321206,1348.2841273896286,1379.1711088376685,552.8448918195309,1675.3484552556818,2101.812624872944,0.10058190016628853,0.22612940532795783,0.9465002214061959,0.04811392601505888,0.005385846494946235,audio_621.wav
45.0,0.12465122115731518,0.10813208241535505,0.981170654296875,248.6068309761584,0.08245289229568374,0.40482954545454547,0.5951704545454546,570.0,838.0,1104.430350410357,904.6535874316471,1322.5280242007589,595.0862848303804,804.4988458806819,1352.070686174661,0.008014193287237723,0.01907168651680235,0.9796874212872131,0.019674490809617997,0.0006380850084158849,audio_590.wav
45.0,0.06507159350149405,0.0579687021460526,0.9464111328125,67.74899649317894,0.07006954176325245,0.21803977272727273,0.7819602272727273,307.0,1101.0,957.943876963704,833.9078569749352,1160.8878720642608,463.5681676477608,724.4651100852273,1198.3494931429734,0.006989759300941484,0.0175892663131605,0.9754764344097526,0.023578936592014158,0.0009446183195684044,audio_349.wav
45.0,0.06687761873521607,0.056471675128072614,0.746673583984375,71.56185420308677,0.15302451808960846,0.5234375,0.4765625,737.0,671.0,1709.4378088608107,1253.5592340174421,1399.6859070244236,546.4625976772297,1546.4865944602273,1934.0730101668767,0.048337413786991926,0.10238901314154317,0.8624012946499471,0.1327232756560166,0.004875417094230324,audio_387.wav
45.0,0.06854387779889276,0.061704791793262576,0.945220947265625,75.17221093935271,0.24286769842735892,0.25,0.75,352.0,1056.0,2512.501501058102,1683.8874072635156,1793.8821619607363,515.3123116911873,1268.6212713068182,2268.78278359174,0.2583542720924054,0.35988590027381595,0.9104718294225286,0.08294886610334544,0.006579293165615784,audio_630.wav
45.0,0.1447872326902735,0.08942276566446171,0.95001220703125,335.4134840017185,0.4454992298600415,0.9992897727272727,0.0007102272727272929,1407.0,1.0,3871.4102424841217,174.32976718583058,2349.103083782333,53.46145136177711,6407.359730113636,736.2083583344679,0.4854957002159962,0.10437200141457556,0.4562971134705711,0.36807555224453037,0.1756273268044799,audio_5046.wav
45.0,0.06481683981014132,0.0583780734997567,0.914459228515625,67.21956356757632,0.09428763095504299,0.2897727272727273,0.7102272727272727,408.0,1000.0,1088.075980049958,442.6634996321348,1028.914135419318,247.99167692659148,931.5851384943181,886.6738935003418,0.00585987610138557,0.0057824122443084856,0.9694851577287031,0.029995698764539856,0.0005191326939539579,audio_183.wav
45.0,0.05956562608919033,0.04846183031045825,0.67498779296875,56.769020982355705,0.1788933040184778,0.4943181818181818,0.5056818181818181,696.0,712.0,1997.8069595261807,1376.9653174019277,1589.2852855987412,391.72597041316243,1964.3776633522727,2055.2357831954023,0.047125898007856375,0.06518370600562734,0.9146937997166515,0.05079798964809986,0.03450819277164834,audio_607.wav
45.0,0.05180709367473432,0.039608208775195,0.58709716796875,42.94359928036316,0.058102164030783374,0.5149147727272727,0.4850852272727273,725.0,683.0,1069.2857764317798,469.7267419195237,1406.3993364050546,326.6404674975672,525.2907492897727,634.5060921124634,0.012554187237869718,0.02679469896524037,0.9687256649819583,0.030910822069955914,0.00036349635996705404,audio_133.wav
45.0,0.08207309104515575,0.07125690313228514,0.94586181640625,107.7758763793028,0.12197655830077542,0.3757102272727273,0.6242897727272727,529.0,879.0,1680.832180456588,749.8771602024692,1598.8330608368465,503.86258636944945,1266.9788707386363,1270.2722261895217,0.0215592452533929,0.03872890175478877,0.5633245676545015,0.4256791678070494,0.010996252071420153,audio_443.wav
45.0,0.01282608327841577,0.010981206090362319,0.195465087890625,2.6321345962377056,0.11735224632256434,0.40198863636363635,0.5980113636363636,566.0,842.0,1952.761812137434,1378.2851335956589,1564.3274186379554,637.1177897932109,1039.794921875,1744.8976573384937,0.2201599566418201,0.36050485656453063,0.7856597835878776,0.2095084719338095,0.004831363138664135,audio_55.wav
45.0,0.08015650819028879,0.07079639901464746,0.991790771484375,102.80105288415733,0.15522938226303093,0.43323863636363635,0.5667613636363636,610.0,798.0,1788.2010887898882,1288.348838528188,1519.1663033615828,615.7621001449264,1698.1423117897727,1969.3636827573341,0.05105039518048058,0.08862132737198006,0.8976604270133589,0.10097418255794001,0.0013653823516623963,audio_686.wav
45.0,0.0479742653080825,0.042144115967013715,0.468597412109375,36.82448210960461,0.12263280921223502,0.3700284090909091,0.6299715909090908,521.0,887.0,1497.1073905971941,1090.9736995702037,1467.8154306219233,525.9326746421202,1294.4446910511363,1667.3269549384122,0.03286698364411729,0.04716093155004808,0.9732588489342079,0.02623383343902327,0.0005072980127645458,audio_740.wav
45.0,0.062421239313309534,0.053686331131213794,0.93994140625,62.34257787855135,0.12275711494043742,0.3366477272727273,0.6633522727272727,474.0,934.0,1427.4350455957097,672.3554165693947,1235.2124704153086,367.8109396789519,1235.0852272727273,1224.4348564182671,0.03559850089367927,0.10623318740346106,0.7392470988108888,0.25249123731104617,0.008261646468029647,audio_699.wav
45.0,0.06603454410223082,0.0575966794704439,0.711883544921875,69.76897623663147,0.15322035169493292,0.4190340909090909,0.5809659090909092,590.0,818.0,1728.9770114693065,863.8187506328769,1423.3719800417223,425.8056704819781,1666.9256036931818,1494.9872455436657,0.05170053336029597,0.07246252894722374,0.5758232701298829,0.4203093696504283,0.0038673417894025427,audio_44.wav
45.0,0.06965875279907141,0.06280214278832728,0.965118408203125,77.63746946435421,0.11483071504265978,0.24289772727272727,0.7571022727272727,342.0,1066.0,1318.9061229609379,741.8868025206166,1248.7044023549329,675.5388103590818,1122.1368963068182,956.782160123951,0.03763040227649549,0.05783632610109612,0.44606377181124945,0.5534996369352414,0.00043657271446043903,audio_500.wav
45.0,0.04149716823727316,0.03677947448422104,0.63848876953125,27.552239547400838,0.12549670207875288,0.3274147727272727,0.6725852272727273,461.0,947.0,1488.0873171013768,829.3926554407046,1424.7376116865105,441.16249953396607,1392.4449573863637,1405.6181070323678,0.03578351885546482,0.0565157421007486,0.9160152240741042,0.08295424691972797,0.0010304998330693236,audio_265.wav
45.0,0.004732340031612923,0.003642148061065745,0.038299560546875,0.35832067479689916,0.09124526561842447,0.5227272727272727,0.4772727272727273,736.0,672.0,1495.4618030352622,745.5351237137306,1645.01609027603,358.65062720775825,939.1534978693181,1276.8547800632266,0.02365055692670232,0.04456688952505543,0.8560456697567552,0.13749639146828319,0.006455386457601132,audio_125.wav
45.0,0.09749678030042765,0.0819971228752204,0.940673828125,152.08995470319772,0.1766905231812822,0.3664772727272727,0.6335227272727273,516.0,892.0,1932.517471653424,1167.2093874237908,1542.274794807307,462.98006997306356,1871.5598366477273,1907.151385623479,0.026214704998408025,0.0453678378363357,0.8317659139711224,0.16290150235313383,0.00533257745291139,audio_413.wav
45.0,0.03001069656575958,0.02550347600472396,0.328948974609375,14.410270533793502,0.26743023254198967,0.4616477272727273,0.5383522727272727,650.0,758.0,2470.00643128655,1537.9307560859165,1743.9267403881945,445.61610961936753,2784.756747159091,2671.72382191239,0.12613215581150505,0.16510213476724742,0.9030747247326382,0.09060788053109846,0.006317335347070042,audio_256.wav
45.0,0.05668981515296436,0.04904899328625774,0.840576171875,51.41976227323628,0.18246275342049087,0.4090909090909091,0.5909090909090908,576.0,832.0,2090.598008921254,1289.1996086084437,1787.7437048519946,514.5071849037582,2106.656161221591,2284.5055090577207,0.06511230888974938,0.0903781765954715,0.8682905040871209,0.12694869691769042,0.004760781683196322,audio_350.wav
45.0,0.04525725677696225,0.03920478622829009,0.74755859375,32.771508655614326,0.21714682937059634,0.5404829545454546,0.4595170454545454,761.0,647.0,2067.984893845739,1617.3226436966559,1346.6156974383446,686.8860383327171,1702.8364701704545,2241.832571706839,0.15997745738322078,0.2875516107937031,0.8071865171340599,0.18306720091625586,0.00974625110399683,audio_364.wav
44.88,0.09950277288895382,0.07576428236830506,0.50177001953125,158.41282900145157,0.09731171639889205,0.6645299145299145,0.3354700854700855,933.0,471.0,1341.7820086179058,585.2025157120037,1439.9445055408733,374.65744804514094,1025.5297364672365,1070.2867347198478,0.025700251819713034,0.08786824678385871,0.6774079939670641,0.32167519071109496,0.0009168082044647213,audio_131.wav
45.0,0.06373071646685456,0.05746180500914127,0.9898681640625,64.98566754205773,0.12140919640166167,0.20525568181818182,0.7947443181818181,289.0,1119.0,1471.1789660110699,779.7061884971444,1349.6337917617725,520.9653040596485,1401.6890092329545,1423.5766874409135,0.049886114437972286,0.09030800225137575,0.4796114017550709,0.5186670161154482,0.0017215604791456385,audio_168.wav
44.0533125,0.07188747765784519,0.05825874125287003,0.63604736328125,82.68495110411506,0.08794115644135223,0.52322206095791,0.47677793904209,721.0,657.0,1213.8605414124704,902.9476051317091,1261.8433129994135,532.5689883454878,942.8859760522496,1274.6265389149,0.014312622630784132,0.030988766227464284,0.9160413778125799,0.08180693679045845,0.00215167558444467,audio_557.wav
45.0,0.08204497413500646,0.06973505728667474,0.926025390625,107.70204449302206,0.12258489247901733,0.37642045454545453,0.6235795454545454,530.0,878.0,1526.7529878859634,937.4396057874923,1596.9066564989262,461.58074771701615,1312.3890269886363,1464.6120750138696,0.04226718726593376,0.05197622347018016,0.952101880574583,0.047081120093753176,0.0008169923364046627,audio_670.wav
45.0,0.04466119426192141,0.03935048692123689,0.75506591796875,31.91395636641731,0.2169509957652719,0.41264204545454547,0.5873579545454546,581.0,827.0,2220.7865357238197,1146.9285396999076,1719.6515613706288,351.6997317628965,1539.584073153409,2044.866268226929,0.14463196484025007,0.19248675284582456,0.8360599137169311,0.15590658250932093,0.008033473730184136,audio_342.wav
45.0,0.11775835043524523,0.08620898826425484,0.696685791015625,221.8724655556803,0.08153205768341346,0.8330965909090909,0.16690340909090906,1173.0,235.0,1431.3606808311347,843.3681981146872,1802.9264354006425,351.50555442300583,733.4317294034091,1482.3484098419465,0.02208228811926764,0.06294193473309223,0.9403163617522008,0.05646961063536188,0.003214024091818268,audio_2.wav
45.0,0.13787296288927026,0.08562289175916477,0.949981689453125,304.14326233385754,0.44374228297539303,0.9992897727272727,0.0007102272727272929,1407.0,1.0,3837.967861406485,218.81968751719796,2369.255004875691,75.46602218274147,6385.553533380682,748.3586551688907,0.4801228522661836,0.10393062540102019,0.703957621699994,0.16808062505525165,0.12796174708311164,audio_5048.wav
45.0,0.04694680448021203,0.04329524982532942,0.582366943359375,35.264039214452104,0.09522860448417289,0.20951704545454544,0.7904829545454546,295.0,1113.0,1385.296233340067,855.181171661516,1521.5207737381027,478.9214945424431,955.2223899147727,1334.5053511848248,0.029161859268235748,0.03893767338080022,0.9794612761560649,0.02021692518348652,0.00032177844057007103,audio_741.wav
45.0,0.07375944148321292,0.06262061434797693,0.8455810546875,87.04728332664817,0.16160786334425464,0.3991477272727273,0.6008522727272727,562.0,846.0,1824.418440031304,1177.6822299469402,1561.235486549738,457.2938781303658,1740.811434659091,1977.9146397148072,0.04548861110478801,0.06836656355726906,0.8451038535079316,0.15178787733961285,0.003108258646076988,audio_294.wav
45.0,0.049907215036834644,0.04104951385307293,0.59661865234375,39.85168180372566,0.131132126572398,0.5063920454545454,0.4936079545454546,713.0,695.0,1545.6503872152111,1186.0505826101944,1307.9078830030755,486.9434667483712,1471.102627840909,1828.7828510322865,0.02279640132359698,0.05003002491187203,0.9228443965088488,0.07362510974447972,0.003530473443361151,audio_370.wav
45.0,0.07406607336078201,0.06045813818442989,0.83367919921875,87.77253156935589,0.13315921272112877,0.5227272727272727,0.4772727272727273,736.0,672.0,1521.6078728554005,1156.271367403698,1294.7417594613996,562.9147879865617,1086.7365056818182,1474.1089748552024,0.08179543373127246,0.19911346964508145,0.914926169213375,0.08398860294435061,0.001085218671614938,audio_417.wav
45.0,0.05561270265738984,0.04589620819653143,0.466796875,49.48436314974808,0.13311754599659167,0.44176136363636365,0.5582386363636364,622.0,786.0,1600.5943722182287,1368.4110854148448,1385.6564534928586,609.8292586193724,1545.7985617897727,2025.4309608789638,0.03239298644853092,0.05947355845949371,0.9363201339290884,0.06294392983945518,0.0007359205973339424,audio_753.wav
45.0,0.10087532074835373,0.07640420815320458,0.732330322265625,162.8132853773319,0.11785849702569032,0.6839488636363636,0.31605113636363635,963.0,445.0,1498.3899163908698,1053.8292536636436,1430.43208435812,515.388542366522,1296.8195134943182,1672.9858639804154,0.019774003398611305,0.042890260626969254,0.8127449413998387,0.18551639286829466,0.001738659892013265,audio_533.wav
45.0,0.06900551017963127,0.060363858938912274,0.686676025390625,76.18816696241912,0.2110391819988639,0.38636363636363635,0.6136363636363636,544.0,864.0,2171.491827308208,1231.71110100612,1473.773147513142,492.30916528520015,2230.6906960227275,2075.818807400828,0.04892988237974969,0.10791973642772254,0.5634531565040141,0.41522697838017797,0.02131984652850973,audio_239.wav
45.0,0.08626475300631727,0.07211876029412702,0.882965087890625,119.06572177985475,0.1413460296472634,0.31889204545454547,0.6811079545454546,449.0,959.0,1650.829216696372,1049.7924585410087,1503.685549748267,448.32338040195623,1458.285245028409,1720.9696124680977,0.017537545891719408,0.02986873877681564,0.2871003152111751,0.7084749854226913,0.00442468523269325,audio_566.wav
45.0,0.07326983050022631,0.06439430403540118,0.9473876953125,85.89548898451031,0.11639113387657483,0.3778409090909091,0.6221590909090908,532.0,876.0,1576.7509476769046,1149.0871632775224,1385.6790287063645,749.395504250962,730.0359552556819,1262.2988659790306,0.19173724278835966,0.3221292690135699,0.8272330199657097,0.17240984407382579,0.0003571252050248418,audio_736.wav
45.0,0.05679124454251094,0.04542276601190471,0.778472900390625,51.603927306996454,0.16237522552114655,0.4474431818181818,0.5525568181818181,630.0,778.0,1959.094876097148,1237.6684425534622,1699.997508896477,424.1297794630212,1740.8336292613637,2085.2927356420037,0.023878776429628375,0.0450220586926508,0.7398146065882548,0.2526729004900087,0.007512471890035876,audio_541.wav
45.0,0.05389918960813173,0.04655056472647821,0.705841064453125,46.48196224661337,0.12322239336443523,0.39204545454545453,0.6079545454545454,552.0,856.0,1497.491996997081,646.7685983016097,1401.3087420275149,386.42690397433245,1353.970614346591,1235.6631989995146,0.01559651864468048,0.024692283062383184,0.7217641415433876,0.2692611435614751,0.008974690781442578,audio_531.wav
45.0,0.07680553886176314,0.06308617739812955,0.84027099609375,94.3854527975329,0.1266355925494341,0.46875,0.53125,660.0,748.0,1582.4862419374697,1122.189788130023,1457.1013338743703,515.321395742095,1389.6928267045455,1720.8807224655388,0.044541368491302344,0.0722075220543387,0.9663365512454447,0.030428028444110834,0.003235412362807578,audio_280.wav
39.36,0.029853482420449662,0.025847492729600095,0.419525146484375,14.259686602049554,0.15872579828156486,0.4841592201462226,0.5158407798537774,596.0,635.0,1880.967030623738,1108.3393896683708,1399.2146308260556,488.7207257185922,1618.031580016247,1704.558765278134,0.09907521910280724,0.21677893702654027,0.6458227884821705,0.3475580885948529,0.006619038323509801,audio_33.wav
45.0,0.053474661518620265,0.04464794410880061,0.5721435546875,45.752630792496106,0.16942523531282683,0.49644886363636365,0.5035511363636364,699.0,709.0,1915.0066491508207,1344.718784774872,1517.8470399728183,605.0918256119976,1688.5209517045455,2194.9899037645528,0.07317326608732776,0.12236630412874451,0.8294870728620795,0.1616029604093349,0.008909945497993548,audio_307.wav
45.0,0.06519838389960854,0.0566787225800109,0.939544677734375,68.01326820993175,0.09351401876947052,0.22017045454545456,0.7798295454545454,310.0,1098.0,1145.0323159959387,770.0153359645298,1267.876687353011,486.84402141194454,990.4341264204545,1342.3117601134763,0.008548563999616432,0.01959767677433998,0.6002823961718341,0.3991717401782005,0.0005458455176201791,audio_617.wav
45.0,0.08869151415409586,0.07232491879673776,0.968963623046875,125.85895492713898,0.1876023438921443,0.5909090909090909,0.40909090909090906,832.0,576.0,1902.2802232062181,1518.680324352153,1387.658055463269,542.6611302513797,1994.5290305397727,2304.527858100211,0.03333403706880817,0.06420165570827531,0.6833608821578311,0.3143223161397314,0.002316792715779234,audio_613.wav
23.8933125,0.06197386688795805,0.05222439510716879,0.56060791015625,61.452162832741486,0.12884261245330794,0.4197860962566845,0.5802139037433155,314.0,434.0,1630.5289057801203,977.4475262242157,1537.2969647105895,550.7027133226012,1290.524732620321,1479.8526100482122,0.03235982949414607,0.04408517837987746,0.9013147810338114,0.09660028801291158,0.0020849173657206893,audio_472.wav
45.0,0.06603579317467194,0.05565190312747272,0.59539794921875,69.77161568332878,0.08218344747701038,0.4460227272727273,0.5539772727272727,628.0,780.0,1221.6107123015572,545.4891709304391,1426.8708121553566,344.63002798535445,815.6516335227273,826.3572516348728,0.01384854939466794,0.01999050631262734,0.8668657370091221,0.1315017095353439,0.0016325409178576558,audio_568.wav
45.0,0.06256141618434792,0.053056012366587045,0.7425537109375,62.62289271985905,0.1456029800041389,0.4140625,0.5859375,583.0,825.0,2145.756676791592,1243.8795081124747,1602.4370928475512,515.0419371992801,1113.0925958806818,1623.9086458292195,0.22528969971604626,0.3743936275509633,0.755026156975579,0.239315567589947,0.005658258642127314,audio_521.wav
45.0,0.07145355174282006,0.06086532742185516,0.843536376953125,81.68976090662181,0.15581757752441322,0.4992897727272727,0.5007102272727273,703.0,705.0,1761.5940086788723,1247.134797192759,1470.3321562603653,546.0684228580475,1565.1633522727273,1976.575882111585,0.04814457281416238,0.10189525034664162,0.8650378676534892,0.13003455748378948,0.004927563860677535,audio_401.wav
45.0,0.05615197913891133,0.049297354746210255,0.77410888671875,50.44871617946774,0.12458836748384373,0.32173295454545453,0.6782670454545454,453.0,955.0,1524.7048534252483,945.4544105307912,1417.2100254528975,467.69013364962507,1298.6838600852273,1494.5591670202696,0.03764948726927185,0.07038506587528488,0.7613570367300808,0.23593600023960343,0.0027069426668095828,audio_573.wav
45.0,0.1311189365042112,0.10959914832108535,1.0,275.07480815992585,0.10889876235939216,0.45170454545454547,0.5482954545454546,636.0,772.0,1210.6330266303676,455.1976849262268,987.028928814785,199.38141623032737,1196.4777166193182,961.9930738186711,0.00198240965085361,0.005844237323411576,0.9040407107349011,0.09139064977345926,0.00456863642875577,audio_180.wav
38.8906875,0.042905154750779675,0.038909301818727086,0.908935546875,29.453636867013625,0.21709280835676978,0.3114215283483977,0.6885784716516024,379.0,838.0,2332.0516150019753,1152.3497618727827,1612.660396504987,540.6905667853358,1315.7867707477403,1716.1190453499626,0.267401030606505,0.3362684495959713,0.900299512370121,0.08343832096424032,0.016262135498422838,audio_320.wav
45.0,0.07483728238775246,0.06993330229707959,1.0,89.6099013629473,0.15189118318219885,0.056107954545454544,0.9438920454545454,79.0,1329.0,1745.9140812226085,963.7342346582809,1578.7054320549266,493.2684762734655,1735.2849786931818,1747.52361036234,0.0703612084385944,0.10538603961153181,0.9223219209817974,0.07544896254475376,0.0022291075687526102,audio_85.wav
45.0,0.09105892703392193,0.07459493239904982,0.943206787109375,132.6676510811059,0.1321772669128707,0.5490056818181818,0.45099431818181823,773.0,635.0,1680.726383104034,1140.4210624736872,1306.7452979611683,515.149371838494,1371.3933771306818,1565.6741541946103,0.07493583355532257,0.22474515654055935,0.8081573087524989,0.1879844159188064,0.0038582680147788502,audio_296.wav
20.12,0.009291187333865348,0.007909509214970509,0.145050048828125,1.381218593167678,0.06425218766211375,0.24444444444444444,0.7555555555555555,154.0,476.0,988.7469000956426,518.4499214254126,1337.5373555332303,310.53145600083104,566.9146825396825,806.6437751404985,0.0031440120115817445,0.008428005868493165,0.5312346713308862,0.46244596460450516,0.006318373784175565,audio_250.wav
45.0,0.05946899177033255,0.05363542907418405,0.8502197265625,56.58497571487808,0.13222587809149736,0.3046875,0.6953125,429.0,979.0,1532.5436201198086,1049.35648156504,1462.5929645263643,656.0413702179981,1263.705166903409,1446.1967589989329,0.03951567549129848,0.0536840129655579,0.7438046805646016,0.25587721182840945,0.0003180893043628159,audio_346.wav
45.0,0.07622119319418848,0.06649843061112481,0.933807373046875,92.95472467113287,0.1361758835776161,0.3806818181818182,0.6193181818181819,536.0,872.0,1640.3048665159156,1028.7375943144646,1490.1899431296822,493.15787981763856,1558.8933771306818,1868.6856374327629,0.06478030585817719,0.10637473667740106,0.8879971624189598,0.10937652839427117,0.0026262999981240404,audio_335.wav
43.02,0.036708350989074975,0.027946175387451658,0.34112548828125,21.560048517393945,0.07611223865678558,0.6426448736998515,0.35735512630014854,865.0,481.0,1266.971569659084,732.8344719302644,1451.9987013789485,403.549016758251,823.4119613670134,1196.7400989812284,0.011764126243963894,0.025293248783861685,0.8438621456780159,0.14972728581369527,0.006410525067416961,audio_20.wav
45.0,0.12185609630205552,0.07551700933244576,0.841156005859375,237.58253129561328,0.46258814248353125,0.9992897727272727,0.0007102272727272929,1407.0,1.0,3897.156930611534,193.75824500751,2344.9079367155277,60.23291044863336,6489.945845170455,765.1604732497779,0.5067715222290602,0.09826865703440818,0.4558053730203414,0.3526410776483143,0.1915535383603834,audio_5071.wav
45.0,0.04859905805729844,0.0428692122642896,0.590362548828125,37.78989510490663,0.11628488372900518,0.3274147727272727,0.6725852272727273,461.0,947.0,1467.2561523369097,914.7687650330004,1454.44848201011,491.6963692422903,1196.0893110795455,1407.5957373720594,0.021280507114161126,0.02895857712179959,0.8989933413832435,0.09875959943693059,0.002247037108218221,audio_558.wav
45.0,0.052722186921082353,0.047996438205660186,0.90325927734375,44.47406389986475,0.19776624689756514,0.28480113636363635,0.7151988636363636,401.0,1007.0,2040.8234510908012,865.0235613233251,1625.309405411118,341.1649373775079,2219.571200284091,1549.4449791239792,0.07501819446649459,0.07255117322991389,0.9222249040269102,0.06386225759954951,0.013912818762396561,audio_289.wav
45.0,0.06930203897267163,0.06000853542489927,0.948883056640625,76.84436169231518,0.16710231541988252,0.39701704545454547,0.6029829545454546,559.0,849.0,2041.0137408660614,1281.8000160695512,1483.2708518027364,593.1207861236778,1490.267666903409,1941.4229849084213,0.174136659728335,0.33406580969823846,0.6719775240433998,0.3211597264323857,0.0068627342546101954,audio_620.wav
45.0,0.05453054781337586,0.04643182468143196,0.481201171875,47.577290317229924,0.12945295757355219,0.4012784090909091,0.5987215909090908,565.0,843.0,1636.1958204808582,1097.2970013293277,1450.7198820457988,461.4376026470464,1404.9627130681818,1703.8544375456145,0.0171720629736654,0.0340575563986376,0.3159317648081671,0.676578284184263,0.007489916009609895,audio_665.wav
45.0,0.09980561152641601,0.0813705436017285,0.778167724609375,159.37856147458984,0.14499395138048804,0.45738636363636365,0.5426136363636364,644.0,764.0,1704.8246342468562,1480.554236951066,1419.2617037220173,623.3022551342888,1654.4633345170455,2159.2035017532507,0.024992809101269997,0.04901241907100694,0.9240566727617086,0.07438068580502546,0.0015626364311963365,audio_751.wav
45.0,0.05374186452415623,0.04712664639665766,0.602691650390625,46.21100804052419,0.10416125577952191,0.3125,0.6875,440.0,968.0,1281.0834555226481,533.9007667556044,1298.8439165386126,308.30643713280176,1043.3904474431818,877.57751265083,0.01812598465719667,0.03143051929666435,0.8770936231883505,0.12127246915037856,0.001633888987102934,audio_442.wav
45.0,0.06858089768292863,0.06314872260889387,1.0,75.25343243194123,0.22106072369544957,0.22798295454545456,0.7720170454545454,321.0,1087.0,2788.361980303642,1422.7414740363,1634.5936812660789,445.0241251754124,2437.8551136363635,2297.653991776491,0.16157303238821022,0.30765703024419566,0.4597614603732412,0.4847151599288152,0.05552335627203958,audio_362.wav
45.0,0.05212902618751632,0.04853461798525338,0.9498291015625,43.478965940140185,0.14623700866251202,0.17613636363636365,0.8238636363636364,248.0,1160.0,1738.9501968680045,1260.4684500109613,1281.0943702731822,718.6015747961152,1470.6365411931818,1809.6127596009458,0.2907205397710972,0.4052842855205667,0.3997899955351516,0.5820053239217389,0.018204643408800868,audio_311.wav
45.0,0.06313083269716406,0.05498474282761007,0.943267822265625,63.76803259259711,0.23139615471688155,0.34801136363636365,0.6519886363636364,490.0,918.0,2295.638760004238,1208.6695296343605,1582.7413027527823,372.3921036864797,2577.215021306818,1914.656282207504,0.050279006324856906,0.06177486643019239,0.4730517540160425,0.48152259382738966,0.04542562580059613,audio_724.wav
45.0,0.023363611058039004,0.01825796273571705,0.239410400390625,8.733733146741159,0.10479528443789506,0.5227272727272727,0.4772727272727273,736.0,672.0,1676.1944002536954,878.483410194306,1813.804635970553,411.3195245718178,1161.044034090909,1685.9126195718961,0.03131553992398836,0.04772423687735662,0.8980500818101645,0.09873995902818304,0.003209862789732026,audio_39.wav
45.0,0.04560639133392066,0.04373960675168058,0.944427490234375,33.279086888043416,0.15419743638532832,0.07599431818181818,0.9240056818181819,107.0,1301.0,1429.7733918773663,338.72655750990174,1171.0543555044496,137.43912107329015,1841.8412642045455,929.0640692082272,0.008045061755517975,0.008461688504921443,0.9501996437864311,0.045385945468977375,0.004414387253327416,audio_290.wav
45.0,0.008879894807367117,0.007211810992186867,0.17608642578125,1.2616405086384879,0.0951619377249135,0.3977272727272727,0.6022727272727273,560.0,848.0,1663.6547805413343,1007.9724667785503,1913.7101026670418,436.3365793641621,932.7614524147727,1779.6785278713608,0.024924843609390256,0.04338601554636962,0.8903426306544004,0.1026561920460602,0.0070004912387467534,audio_23.wav
45.0,0.06569895553560909,0.05673268368938587,0.976043701171875,69.06164413551903,0.18263844810895571,0.4055397727272727,0.5944602272727273,571.0,837.0,2126.673560750499,1073.4887721081561,1669.7133974610836,428.90221519572685,2112.060546875,1812.2780598212478,0.06360683326434306,0.08464059713090455,0.8522190309255425,0.13190229609450588,0.015878658718067484,audio_624.wav
45.0,0.08077822974081689,0.06926736897962159,0.94976806640625,104.40195840096308,0.1561911891544294,0.4034090909090909,0.5965909090909092,568.0,840.0,1449.2288514566667,629.0132623968631,1103.545961329037,273.31378291961846,1696.1004083806818,1303.795850767253,0.03058523735991323,0.06436879280972319,0.8346086193291663,0.1585568175780847,0.006834554025766563,audio_206.wav
45.0,0.052169618245596384,0.04610085445179967,0.7763671875,43.546705086260204,0.13133143240476722,0.3146306818181818,0.6853693181818181,443.0,965.0,1574.058635106645,999.0809868222061,1415.4034543911312,364.62149184192737,1431.640625,1584.908998818166,0.02190400915657198,0.033423365138889743,0.835979826864694,0.15727565835191024,0.006744493057515476,audio_288.wav
45.0,0.08228964973022625,0.06781344244031517,1.0,108.34538324357321,0.15486063175087744,0.47514204545454547,0.5248579545454546,669.0,739.0,2140.5116778387514,1144.0223716075732,1886.499630540092,386.83830407793755,1835.660067471591,2163.489272758893,0.04182443673762343,0.06378364571583735,0.670930375181254,0.31689565356980465,0.012173960096112074,audio_60.wav
45.0,0.008036973443554954,0.005734030110085646,0.07568359375,1.0334870741185216,0.19003984727756568,0.7535511363636364,0.24644886363636365,1061.0,347.0,2662.9303612643357,827.7407638061347,2475.6630865406905,301.32989611394515,2105.313387784091,2325.696286466671,0.06577589499858995,0.056162844066310495,0.8454221840018975,0.13964677276296392,0.014930088510522677,audio_80.wav
45.0,0.09292010827144516,0.07464744263270165,0.932342529296875,138.14634433883344,0.12745156590495266,0.5461647727272727,0.4538352272727273,769.0,639.0,1181.7458613090598,625.0307009975197,900.6447746030724,269.28827124043687,1362.1271306818182,1187.394302130944,0.0061559759994446765,0.014413866769152635,0.8243259536696097,0.17252947278094907,0.003144566725172748,audio_214.wav
45.0,0.05979337731315377,0.05031495532426595,0.6785888671875,57.20396752821075,0.15500438195053048,0.40625,0.59375,572.0,836.0,1833.7608337911217,1168.0864373002069,1534.8330329014207,413.24205939103217,1695.8562677556818,1914.7304996094906,0.021759781890302175,0.038178804254833096,0.558500995182313,0.41906528459700076,0.0224336953631849,audio_599.wav
45.0,0.15102447627806534,0.09376279912330768,0.949981689453125,364.9342789610227,0.45434924215172523,0.9992897727272727,0.0007102272727272929,1407.0,1.0,3858.73304923057,210.83401847552184,2349.388244920839,70.43601968919934,6425.037730823864,661.415716665455,0.4945219410862094,0.10352785870571694,0.646467234190646,0.19861771055391253,0.15491504944740037,audio_5063.wav
45.0,0.05355324047312884,0.04722712146310001,1.0,45.88719304276423,0.15836896995690272,0.26420454545454547,0.7357954545454546,372.0,1036.0,1484.7123063303732,752.6120405872108,1113.3066732762854,414.57356183379756,993.7411221590909,1259.3507123409545,0.16281104855610887,0.2321988402537018,0.9334558134958452,0.06250078879356191,0.004043380279638376,audio_207.wav
45.0,0.049771490893669695,0.04618542909012529,0.965301513671875,39.63522089245833,0.10758764942729088,0.19389204545454544,0.8061079545454546,273.0,1135.0,1617.3175926475024,764.2728589323801,1699.2154122540423,602.938275634791,969.3270596590909,980.5000588813258,0.039157760903400125,0.0478984817965807,0.8770545894883064,0.1225294146360148,0.00041597419810495014,audio_438.wav
45.0,0.05792735032015523,0.045199824303514984,0.5750732421875,53.689246641823814,0.1843585893869297,0.6115056818181818,0.38849431818181823,861.0,547.0,2218.6281887871855,1474.2197485483039,1780.1799230550052,498.0338827631943,2029.4300426136363,2366.0023520896034,0.04756878196817902,0.07706343774260412,0.9156431436861575,0.0578925557255303,0.026464282634105257,audio_332.wav
45.0,0.07509879883157719,0.06356364736714494,0.676513671875,90.2372733751312,0.23511143765477452,0.3821022727272727,0.6178977272727273,538.0,870.0,2439.1630605503274,1478.4006604512335,1644.269106042968,446.2032656797733,2629.339044744318,2627.0990086193365,0.08175507602774332,0.14198068401162878,0.9351491583834152,0.05563200841159947,0.009218824022614012,audio_159.wav
45.0,0.06030893794178652,0.05315210808259771,0.94232177734375,58.194687930660116,0.1467550649375902,0.390625,0.609375,550.0,858.0,1815.8109152591305,1051.9115817009022,1537.7553872906524,528.2136633349969,1161.6765802556818,1635.8918408975376,0.13230147660792635,0.2367799002263021,0.7442958538656014,0.24949393735659087,0.0062101903641701905,audio_478.wav
45.0,0.11766410742211134,0.10402436481030239,0.97412109375,221.5174748070745,0.16189397485274284,0.48082386363636365,0.5191761363636364,677.0,731.0,1703.2178195863687,1211.6851490802799,1551.483531134534,639.7731213497477,1585.293856534091,1918.7095545558382,0.07356848981837633,0.09686863698110053,0.9360772205893121,0.06321260994420087,0.0007101659643159933,audio_46.wav
45.0,0.029959899836465513,0.024882398643632102,0.4307861328125,14.36152957137674,0.23702046808398344,0.5078125,0.4921875,715.0,693.0,2767.085903243297,1066.1688654375016,1911.8654698778219,297.288750833939,2638.6607776988635,2102.084410543019,0.10118891356862579,0.13432982525076892,0.7050812315211015,0.2298248335974654,0.06509383148905727,audio_130.wav
45.0,0.032438300584999316,0.029895035575529312,0.4969482421875,16.83589351748427,0.1262210086402898,0.2237215909090909,0.7762784090909091,315.0,1093.0,1707.684853255307,724.3965027788071,1740.1470678804558,519.8999957868327,1197.6984197443182,1073.1392407857643,0.04837204309969883,0.053016261765361825,0.8416329135968488,0.15719382781136,0.0011732048051475753,audio_437.wav
45.0,0.08514877970325462,0.07413141398634628,0.999969482421875,116.00503495925416,0.15375299132359907,0.4041193181818182,0.5958806818181819,569.0,839.0,1763.6510901578752,1149.6906932897286,1382.6268071742832,475.59460624333803,1672.1746271306818,1820.0277811041497,0.02708513292253045,0.056194897121397094,0.7913516396498714,0.19534521681304867,0.01330313443955699,audio_771.wav
45.0,0.07613057152415047,0.06547230852519731,0.9398193359375,92.73382272950063,0.15068423706144035,0.23011363636363635,0.7698863636363636,324.0,1084.0,1887.2191436789471,1308.9475817095392,1730.2029517568628,471.5787489197812,1680.9303977272727,2207.0086660284946,0.04517096109715902,0.0786894289810168,0.9651575972537273,0.029844974949348544,0.004997419567917306,audio_759.wav
45.0,0.006350029560181743,0.004538205594677168,0.059112548828125,0.6451660066429111,0.10909529041012557,0.6505681818181818,0.34943181818181823,916.0,492.0,1827.6753485514184,1041.8559806074575,2049.206513497106,326.3118774545867,1097.323330965909,1977.9954343625905,0.041520290442432495,0.06516299715289232,0.9783265591636966,0.01566795756094798,0.006004336508801183,audio_25.wav
45.0,0.0506247780550598,0.04671323711832779,0.61767578125,41.00589044998503,0.0851737294079575,0.19886363636363635,0.8011363636363636,280.0,1128.0,985.6733804219962,468.9927725273265,915.1716418191779,299.50682468403323,921.2757457386364,846.0165519891902,0.022013635572217468,0.052092468098262006,0.9488087524479112,0.050370459679567,0.0008207693918021798,audio_191.wav
40.448,0.0737826331290557,0.06391159409025803,0.833251953125,87.10203122330923,0.14246709118357395,0.3675889328063241,0.6324110671936759,465.0,800.0,1357.3985620981457,497.1606823486631,1050.0609769445146,203.4809335363852,1562.8458498023715,1086.9185460937078,0.0072809063879651715,0.010090394976889088,0.9061678456716948,0.08915496019570972,0.004677184502042847,audio_182.wav
45.0,0.03460865985572457,0.03000353440698531,0.5140380859375,19.16414939214786,0.16487175676632884,0.32670454545454547,0.6732954545454546,460.0,948.0,2009.9381801896757,1359.1359513707341,1534.356384605674,658.5816248663464,783.69140625,1298.5912469426319,0.25300640364596794,0.36819960263885515,0.8703334767246603,0.12531038669349182,0.004356090322622193,audio_236.wav
45.0,0.07486262584224437,0.06514669257661503,1.0,89.67060396793401,0.08582442475614549,0.3536931818181818,0.6463068181818181,498.0,910.0,1194.9044065481467,841.6609277419261,1239.5996076786541,615.8025365404274,803.3447265625,1124.1119888600572,0.05995183466132452,0.16824295982179974,0.8849136220450375,0.11372320677777215,0.0013631616656215333,audio_24.wav
45.0,0.10584693833696275,0.08937150771567962,0.94036865234375,179.2571896849407,0.13582241086445954,0.45170454545454547,0.5482954545454546,636.0,772.0,1627.9761946508997,1034.5179866201083,1548.0696483154932,495.4954066269981,1307.3952414772727,1527.1415282277064,0.029980278420580767,0.04223534790046754,0.8744361300893209,0.12210085957073043,0.0034630054383709306,audio_428.wav
45.0,0.046243725660521956,0.041244877257634746,0.980865478515625,34.21571460744987,0.2390169986347203,0.24360795454545456,0.7563920454545454,343.0,1065.0,2471.4861083855635,1309.4837815942192,1534.0377369693676,403.94841878565774,2532.5705788352275,2039.9463909703848,0.10092299526762485,0.20156900613278703,0.46188192752546775,0.4805947501279033,0.05752327059520504,audio_678.wav
45.0,0.03538413704687468,0.030836768851509794,0.70855712890625,20.03259447283215,0.14305436535328522,0.2315340909090909,0.7684659090909091,326.0,1082.0,1691.7860112620538,930.2280153655165,1680.5442549986394,365.5532711945389,1495.2614524147727,1694.734191316374,0.023775685247770895,0.03741398291454724,0.9026979110702411,0.07595052672416283,0.02135151462800352,audio_591.wav
45.0,0.05449230042148783,0.045838322824697894,0.9351806640625,47.51057288361093,0.15137798802498337,0.44886363636363635,0.5511363636363636,632.0,776.0,1845.4864566288204,1096.8429062294924,1567.8886523834788,390.06370968275087,1706.1212713068182,1787.4572857657085,0.02164969433158397,0.036113682689185224,0.6020362714436002,0.36469932264463445,0.033264375753243154,audio_597.wav
45.0,0.06682468101763987,0.06047856501946531,0.809234619140625,71.44860788974911,0.09766610786959426,0.3125,0.6875,440.0,968.0,1267.3858594352107,762.3135150570071,1224.8037703093453,432.0597549292541,864.0913529829545,884.9062007339368,0.053904832859791044,0.15235428907069054,0.9318244408765386,0.06636109439712515,0.0018144537139609372,audio_580.wav
45.0,0.02855493502730476,0.022530672625252598,0.23883056640625,13.046149030617542,0.16316203216948913,0.5660511363636364,0.43394886363636365,797.0,611.0,2051.60467057062,1218.915445769335,1775.0232203111475,448.4495291417505,1805.697354403409,2174.56702657718,0.03237595193935952,0.05765897559533385,0.8556659891946848,0.1327491756791189,0.011584762110922405,audio_19.wav
45.0,0.07399318025165716,0.06608979843007058,0.985870361328125,87.59985158006764,0.16182036363939395,0.3387784090909091,0.6612215909090908,477.0,931.0,1943.5328792708206,1036.129393914949,1615.485206966453,518.8869100771881,1599.9200994318182,1961.9443301440722,0.12726077131317218,0.18834856014555515,0.678960710709733,0.31152913189834486,0.009510143942100745,audio_476.wav
45.0,0.055111409261245387,0.052534879015142644,0.941436767578125,48.59627889216774,0.21313432379767194,0.14701704545454544,0.8529829545454546,207.0,1201.0,2180.8680117396084,881.1725599668207,1605.3355738422151,436.81569356410154,1432.406338778409,1632.258675630769,0.21966564500359942,0.284408443434844,0.588337175708216,0.40569908239836555,0.005963715526930067,audio_375.wav
45.0,0.01636287078708514,0.01552717015105263,0.365966796875,4.283896646317508,0.07096537634080047,0.09801136363636363,0.9019886363636364,138.0,1270.0,1192.5442991076177,436.236550057909,1459.193562385937,331.6766599762603,671.9637784090909,677.6839657354407,0.014131096613764249,0.014894290735457855,0.9505817706887164,0.04843104917560104,0.0009870030894069837,audio_642.wav
45.0,0.06921086442771292,0.0611193258791167,0.61376953125,76.6423000773001,0.12399392221378085,0.3416193181818182,0.6583806818181819,481.0,927.0,1421.0421002885387,905.2633759421207,1299.1191353506417,490.7435197162003,1296.5087890625,1300.913759460246,0.031891277788331625,0.06248379178163569,0.8688989942440083,0.13033278298697115,0.000768211454506896,audio_66.wav
45.0,0.08420006446493351,0.06633017906629571,0.69927978515625,113.43441369438337,0.10182722476003439,0.6015625,0.3984375,847.0,561.0,1060.1063146413396,560.7892975486267,874.0976438535344,273.0251253061639,1064.5086115056818,971.5447913662196,0.004221355580006772,0.016589267296716958,0.8547171867378068,0.14352481132243958,0.0017579940647608125,audio_186.wav
45.0,0.06436934256633742,0.05718164016593196,0.937896728515625,66.29459619875998,0.20815723355171326,0.2684659090909091,0.7315340909090908,378.0,1030.0,2112.6697537126925,1338.4103661060913,1647.483129318913,608.8583745495787,2445.645419034091,2319.1164990687694,0.1106634562974757,0.1459223099779382,0.8898271842923109,0.10779663318217869,0.0023761697348462637,audio_713.wav
45.0,0.057654458603569166,0.04860338386980028,0.518951416015625,53.18458554993073,0.10175014131964072,0.4318181818181818,0.5681818181818181,608.0,800.0,1196.8297023409075,1146.661163926927,1182.1195248540673,496.4816500029783,1074.951171875,1660.5951702038578,0.012315843317251883,0.026649885406689482,0.9577537768572085,0.04059019818289068,0.001656010821025965,audio_354.wav
45.0,0.07711117682670555,0.06782236736640648,0.945953369140625,95.13813746559123,0.13824810867792872,0.3508522727272727,0.6491477272727273,494.0,914.0,1659.7681386084814,1070.207212069464,1401.7949004979384,486.15856191630974,1582.4418501420455,1803.970189684791,0.03602510038582964,0.07880908683080014,0.8642811878975454,0.13097003165564144,0.00474877100860898,audio_768.wav
45.0,0.004317530823523232,0.0035135297425576977,0.0654296875,0.29825715859317115,0.10867445649230069,0.4424715909090909,0.5575284090909092,623.0,785.0,1555.0301010050598,1031.4585775481346,1616.420352980475,422.4390939702268,1202.2483132102273,1800.806408560032,0.029488141814752452,0.05562588336768226,0.8263973968569016,0.16893066335373305,0.004668766154048972,audio_14.wav
45.0,0.08534323093691185,0.06967008402444114,0.666595458984375,116.5354730680171,0.1329897680413445,0.5568181818181818,0.44318181818181823,784.0,624.0,1226.1360342395792,679.7038056915271,971.1049274409584,328.21162353467696,1503.7619850852273,1370.05744459084,0.040806691074402754,0.08740762961389695,0.9568450060569729,0.04075951649774785,0.0023954709475318965,audio_208.wav
45.0,0.02166930301830499,0.018450667562277732,0.261505126953125,7.512939092785948,0.07985219423915867,0.43394886363636365,0.5660511363636364,611.0,797.0,1408.8735001676957,1049.8526777814247,1245.3003296784423,814.3752723565967,510.05415482954544,751.8974369559686,0.24354843584670355,0.3816171119362142,0.6873825484023566,0.3116144800996307,0.0010028228337542813,audio_418.wav
45.0,0.08836465805674845,0.07518922233927333,0.948516845703125,124.93300469577727,0.11835085882063726,0.421875,0.578125,594.0,814.0,1215.0121563066045,877.8748422328766,793.399228245746,535.6648178436969,935.8686967329545,995.9140578418499,0.11308156896511931,0.27070829104851113,0.8696983383803928,0.12675514986710681,0.0035465046553654796,audio_212.wav
45.0,0.048182453691333664,0.041040032329843865,0.563507080078125,37.14478149948021,0.12469322874059548,0.4161931818181818,0.5838068181818181,586.0,822.0,1552.799674073223,1015.9729837155269,1611.5958944892714,454.14112433909247,1336.7808948863637,1743.5662990510752,0.040628095998665945,0.07193487412204642,0.9491499797995205,0.049397996239425646,0.0014520034250042502,audio_177.wav
45.0,0.09617006584890743,0.07712638602820884,0.879608154296875,147.97890504613105,0.11765571896627634,0.5596590909090909,0.44034090909090906,788.0,620.0,1662.7416489562734,826.9444761707097,1673.6053915327038,397.3389801597989,1201.571377840909,1414.4109539862286,0.023211684543983,0.0369532561853241,0.8291989344010842,0.1671061644722439,0.003694894775875526,audio_503.wav
45.0,0.056832349943846665,0.05202293550067628,0.874603271484375,51.67865600223757,0.1415988077761219,0.22088068181818182,0.7791193181818181,311.0,1097.0,1720.6633773606418,818.2899456865408,1604.9518635402683,437.38679083693046,1516.4018110795455,1478.111934212537,0.052546496280839655,0.06428922844145288,0.7575839324551153,0.23540291790444445,0.007013129074494902,audio_564.wav
45.0,0.0417748821783101,0.035638211695378806,0.655059814453125,27.922252496187056,0.27674621770308017,0.47230113636363635,0.5276988636363636,665.0,743.0,2491.478274963498,1557.2050796807703,1689.8684277450573,472.7429872974882,2907.992276278409,2617.1606508070395,0.1270864270394313,0.16078025105929364,0.8669885009755327,0.12587798972497852,0.007133476702545705,audio_257.wav
34.0906875,0.057037582677722985,0.044740641682222033,0.565521240234375,52.052573403489355,0.15048858740489504,0.6185567010309279,0.38144329896907214,660.0,407.0,1857.369132696058,1173.6150119464178,1604.182608028375,481.14662886398116,1685.464503280225,1900.7004744012445,0.017517352244349048,0.04140771457994762,0.8253098298299292,0.16641029022727064,0.008279861229132551,audio_408.wav
45.0,0.07262430959243321,0.06021589858588365,0.816925048828125,84.3886455004414,0.1168036344494923,0.5085227272727273,0.4914772727272727,716.0,692.0,1247.0546570001534,794.5729228423378,1199.481201530081,479.5553253454219,1185.824307528409,1260.5702101426186,0.013870601409526385,0.028579989877800683,0.7491475835007956,0.2504177631551908,0.0004346411625714107,audio_468.wav
45.0,0.07150657094767494,0.06290737225470748,0.92041015625,81.81103501911792,0.17181690530125737,0.2571022727272727,0.7428977272727273,362.0,1046.0,2050.763699882844,966.2329746921496,1711.8188477560027,457.9654231314185,1951.904296875,1846.33862232536,0.02458928053335727,0.03610377436322145,0.19245318125428226,0.7798375050879269,0.02770928969077472,audio_574.wav
45.0,0.05371684241585936,0.04108387646512593,0.463287353515625,46.167986546084286,0.11123001559724388,0.6058238636363636,0.39417613636363635,853.0,555.0,1727.7540477373755,983.251175356443,1845.7425336130261,413.7078787004071,1053.6998401988637,1784.3194763985448,0.030546706832950396,0.04568229618070547,0.8572456657159684,0.1387587837793518,0.00399553098241125,audio_26.wav
45.0,0.05669438065063397,0.049937989754956925,0.98583984375,51.42804475774368,0.13716338494914576,0.38707386363636365,0.6129261363636364,545.0,863.0,1614.1267628869218,1007.4381001493892,1286.7190987978072,480.6753432938621,1005.7373046875,1151.2031476556906,0.12207615107917359,0.26789354618839295,0.8589568599744842,0.13701530602311116,0.004027816490307582,audio_480.wav
45.0,0.07050089294018302,0.06044903401150879,0.913421630859375,79.52601448581036,0.1445057562579948,0.37073863636363635,0.6292613636363636,522.0,886.0,1627.0059355454528,1242.5998188063058,1366.5994252741423,558.8026892091493,1540.560635653409,1733.3732070480912,0.03173904066738527,0.052949922873284164,0.9322486420676475,0.06369350009857433,0.004057847792726389,audio_706.wav
45.0,0.05309184702784232,0.04375486993074786,0.785797119140625,45.09990753324495,0.11851474793714992,0.4524147727272727,0.5475852272727273,637.0,771.0,1584.29680412637,571.0535900149434,1506.4151259554783,413.33396412959655,1343.2839133522727,1243.2521576292754,0.019820221283362725,0.036695647297350524,0.4689766442081381,0.5154730464461469,0.015550276032279608,audio_57.wav
45.0,0.09262159541398021,0.07777648121826697,0.941131591796875,137.26015899249663,0.11554043825060868,0.4616477272727273,0.5383522727272727,650.0,758.0,1198.205264553081,576.2275940711,976.3326426138658,251.84188642808348,1241.2886186079545,1095.500018854812,0.004995321806835167,0.013114598651957677,0.7823584936449736,0.214116660004557,0.0035248390528338012,audio_209.wav
45.0,0.07235817536446144,0.06341509749620747,0.890625,83.77128867318646,0.2014225019756972,0.36363636363636365,0.6363636363636364,512.0,896.0,2020.91333318298,1341.951157035921,1601.4199032029771,629.6543662065009,2343.206232244318,2292.4659434498567,0.10565563715046271,0.1452176329840492,0.8560374215330753,0.1419129565672302,0.0020496112388784134,audio_712.wav
45.0,0.050402553149030985,0.04269561581128698,0.468994140625,40.6466778230543,0.1300529584068867,0.4353693181818182,0.5646306818181819,613.0,795.0,1875.0178017723601,1024.6509971192404,1779.292918440569,557.2027117774418,1409.024325284091,1722.1495552893941,0.045395148953600487,0.07241339987260688,0.8433493382706975,0.1524989361236306,0.004151702951952513,audio_353.wav
45.0,0.07136565098985727,0.062492527453537956,0.9376220703125,81.48889825929784,0.16524050727848233,0.26704545454545453,0.7329545454545454,376.0,1032.0,1930.34374312862,887.057859020173,1617.9188142676246,414.9719308610344,1830.5220170454545,1624.636248638085,0.02804314435555969,0.04408223720403648,0.18592672867866963,0.7811881512496418,0.03288509566964526,audio_575.wav
45.0,0.08064544665097743,0.06916931452168343,0.91229248046875,104.05900904857036,0.14596617495302078,0.3984375,0.6015625,561.0,847.0,1730.2661652283175,1142.3413692631327,1537.3339648545473,398.7321275963903,1498.0912642045455,1797.2934154872723,0.03407121642965872,0.053314614726441535,0.7723869844029704,0.22454512283734368,0.0030678829973719924,audio_383.wav
45.0,0.043816530412473756,0.03757385592964203,0.557403564453125,30.718213398195804,0.20356833828935875,0.43323863636363635,0.5667613636363636,610.0,798.0,2096.1288439618174,1518.308981095548,1544.2748764822,698.6855662869172,1879.971590909091,2390.642387686676,0.11701728761821763,0.18498931947687894,0.9523265458071032,0.04025750640203289,0.007415921967710239,audio_781.wav
45.0,0.023259497084626855,0.020087164958800228,0.354766845703125,8.656067274076243,0.12974670798153887,0.3700284090909091,0.6299715909090908,521.0,887.0,1692.6117364212507,944.1509137417145,1646.4079143046872,438.4129987818159,1379.4611150568182,1548.5030490843892,0.05979058227622625,0.0748585595562593,0.8640320759383215,0.1331468512568489,0.002820970368297702,audio_118.wav
45.0,0.0515169783227512,0.04441114246544636,0.957763671875,42.46398488810907,0.18906831815044187,0.35582386363636365,0.6441761363636364,501.0,907.0,1948.4436485703934,1209.3737528055656,1483.194733877122,485.1677487807705,2052.090731534091,1855.9369321295562,0.037302945706044525,0.06513080108933325,0.7410971489080364,0.23776938106795525,0.021133442585715496,audio_337.wav
45.0,0.05679646265794558,0.04753218048312396,0.64300537109375,51.61341072728651,0.13652657850913683,0.5198863636363636,0.48011363636363635,732.0,676.0,1510.6618303669047,1127.8102877603808,1506.6609948818636,565.2560498058821,1450.3062855113637,1735.384369682788,0.04875860373309073,0.08055253923636682,0.8609583304495404,0.13841108400952243,0.0006305685572361768,audio_715.wav
45.0,0.049048979950450274,0.04201881202905116,0.743804931640625,38.49283894687477,0.18981831919210998,0.4289772727272727,0.5710227272727273,604.0,804.0,2218.606155937062,1302.4489226730648,1732.0390826165788,383.59976080334457,2095.9916548295455,2206.5566280836633,0.0349464110607036,0.04676711474280345,0.7986164973681827,0.1667235329533077,0.03465993924389249,audio_323.wav
45.0,0.054656128465615045,0.045849491388886464,0.489288330078125,47.79667806159705,0.1419286693453741,0.5262784090909091,0.47372159090909094,741.0,667.0,1714.8761314452431,1302.891881862955,1366.787954934522,620.0000500270856,1109.896573153409,1743.9838107793719,0.13476208222063735,0.26845197489461237,0.9458994090029071,0.051481086976232625,0.0026194878323320993,audio_374.wav
45.0,0.06859012350148357,0.05858494394548861,0.68536376953125,75.27368067118029,0.08166400231111431,0.38636363636363635,0.6136363636363636,544.0,864.0,1043.5274891498054,937.6658941109878,1166.7765298581069,491.5126609344649,852.1395596590909,1352.7313857782783,0.008654845295917495,0.019652047285307967,0.966162034614604,0.03309954399172631,0.000738411632282818,audio_348.wav
45.0,0.0797510302986012,0.07160398259733093,0.945526123046875,101.76362933901449,0.08010566681342612,0.21875,0.78125,308.0,1100.0,964.1640999299944,392.48133370500926,985.5671474914899,491.06962309954037,798.6283735795455,486.76188860354824,0.011127610575276546,0.02191109185902845,0.7524308069353866,0.24737682632670024,0.00019235665383990184,audio_547.wav
43.8,0.011109149120268981,0.0059414198915146476,0.119781494140625,1.9746111068219696,0.04531470507235313,1.0,0.0,1370.0,0.0,1398.2990177230809,683.1066650245624,1667.0619667636176,326.1329852617781,575.9580291970802,964.5696213086904,0.006347454500822324,0.010383887328984993,0.9557521961535166,0.03724371580029094,0.007003696012674825,audio_41.wav
45.0,0.06873729110166596,0.06001901830938492,0.831817626953125,75.59704300792266,0.14946617981413862,0.31605113636363635,0.6839488636363636,445.0,963.0,1783.0921717410465,1337.935553294199,1445.3879423101837,580.3570687616414,1488.858309659091,1953.3339767261139,0.09918084018615621,0.2269620374324975,0.6149664106021013,0.3775653871778054,0.0074681855533338575,audio_284.wav
45.0,0.06882788608013815,0.05610334085096796,0.76165771484375,75.79644643616759,0.14964256894801242,0.5838068181818182,0.41619318181818177,822.0,586.0,1869.2580008843836,1129.0644813669724,1543.852195971045,494.1935598295584,1707.3974609375,1828.6052379114099,0.06793928161683851,0.14101034603564558,0.8807552096653063,0.11026854263263569,0.008976235796221681,audio_13.wav
45.0,0.05713020316262383,0.048013400829076416,0.6304931640625,52.22176181444277,0.12724045450063126,0.4659090909090909,0.5340909090909092,656.0,752.0,1736.7988128585314,926.8388472224948,1749.424852827297,405.41444780979583,1337.8462357954545,1573.029319210634,0.03022675068742655,0.042119795431732894,0.8450341247014692,0.14488113800990207,0.010084718861341402,audio_548.wav
45.0,0.08571877551181935,0.07063102290835137,0.794891357421875,117.56333560393088,0.15177729413513075,0.49076704545454547,0.5092329545454546,691.0,717.0,1738.036548710151,1262.9255707764282,1480.1400134047556,567.4893658222314,1750.1109730113637,2076.2223155974784,0.058949541968379766,0.09868929458027051,0.8407151247350174,0.1578905939089623,0.0013942736313702678,audio_687.wav
45.0,0.01088370636940962,0.009045923316735316,0.1170654296875,1.8952810293684403,0.16587731371849126,0.5142045454545454,0.4857954545454546,724.0,684.0,1969.1599297359046,1116.6444709567786,1752.707915640898,451.6983144960887,1962.369051846591,2117.643389517364,0.09773371279476385,0.13482805869653625,0.9308968385884266,0.06664907788624148,0.002453664422605461,audio_104.wav
45.0,0.06771176649828592,0.05550831521907425,0.999969482421875,73.35813315709431,0.11502932642962004,0.4836647727272727,0.5163352272727273,681.0,727.0,1189.0483260939675,522.470034277976,965.4675802401434,231.0429505464646,1234.5969460227273,1046.4134257475764,0.0037057205150088355,0.006381741353165235,0.924380261633314,0.07363532951507432,0.0019843979547986153,audio_181.wav
45.0,0.06511665092784209,0.05611609580478213,0.775482177734375,67.84285164893501,0.15890022069475096,0.4772727272727273,0.5227272727272727,672.0,736.0,1720.6895489597225,1051.1698803043496,1383.133289310389,501.92215633265283,1764.4264914772727,1681.5943129612992,0.05474993386037094,0.09289917082780672,0.9293632434253358,0.05767850277773551,0.0129582411076099,audio_755.wav
45.0,0.032642766961510444,0.028746055122503077,0.741302490234375,17.048803758455648,0.27888372067183426,0.28125,0.71875,396.0,1012.0,2665.2158057745637,899.3225521025834,1502.274592208817,282.90605951755384,3003.7397904829545,1755.2139262203461,0.04122910270049655,0.10127615167260406,0.6849464789093329,0.2534403773404555,0.06161305602612971,audio_733.wav
45.0,0.16992398474310452,0.10391541963751148,0.949981689453125,461.98656945559713,0.43794644159227997,0.9992897727272727,0.0007102272727272929,1407.0,1.0,3841.22653659655,177.09910253430843,2368.9079641150797,63.83503636832356,6402.377041903409,563.8092669314763,0.47444199141318305,0.1028333050072443,0.6778439243972662,0.18748602621026594,0.1346700451686017,audio_5072.wav
45.0,0.06401848208714364,0.0562777143869982,0.960479736328125,65.5738567798709,0.13897172079405665,0.3757102272727273,0.6242897727272727,529.0,879.0,1830.9878276391735,1063.8103047452405,1653.1581574756963,369.32266454369926,1537.6642400568182,1748.80478528565,0.03235025365665553,0.047234912190579494,0.8163533260102269,0.1685744908219738,0.015072167477547672,audio_776.wav
45.0,0.03898181595452768,0.033682958952435164,0.568206787109375,24.313311601802706,0.1169161346057425,0.39985795454545453,0.6001420454545454,563.0,845.0,1646.2270239880877,822.1735708927009,1698.9517925187042,503.9503256645432,1134.554776278409,1304.4460278660115,0.0566133792159021,0.0810197809391968,0.8845036963819412,0.11420432973525195,0.0012919389226012286,audio_70.wav
45.0,0.05448661775480541,0.04660319987044875,0.566192626953125,47.50066422973242,0.10133972408295011,0.4588068181818182,0.5411931818181819,646.0,762.0,1239.6532770069177,709.4031947358592,1200.0478873319462,450.6746148078376,1086.4812677556818,1185.521008663551,0.017895169165641513,0.035731181339374835,0.831148216022225,0.16769867016115503,0.0011530943987173767,audio_49.wav
45.0,0.06566071253042743,0.05753738969878268,0.886199951171875,68.98126672005488,0.25264757312162933,0.3096590909090909,0.6903409090909092,436.0,972.0,2405.8960031683405,1552.0907793707845,1577.968412789625,584.9291236003658,2974.886807528409,2688.6976547343024,0.136167803311021,0.19271574444302292,0.7420107327830818,0.2507365328799576,0.007252718662140954,audio_527.wav
45.0,0.0603241297741601,0.0497137070179187,0.8419189453125,58.22401012815535,0.19680444000616668,0.5042613636363636,0.49573863636363635,710.0,698.0,2340.3536758621326,1268.9699091857287,1996.2483162677213,421.978153006894,2168.212890625,2394.02353198468,0.044995050487699875,0.06285808356231656,0.9349568556836576,0.05627978837088016,0.00876334174943282,audio_273.wav
45.0,0.043029049661827135,0.03955586612076824,0.683074951171875,29.623985836799775,0.2980886084564006,0.25355113636363635,0.7464488636363636,357.0,1051.0,2821.1544407348224,1151.6575567764846,1621.9965398109123,370.00652911001424,3038.5298295454545,2310.2436113029266,0.10326206565682067,0.1555363254700133,0.6441401779115882,0.33837573400272797,0.017484044924431695,audio_139.wav
45.0,0.07170377250094637,0.059587166797649416,0.94189453125,82.26289585387956,0.07777649691180126,0.48579545454545453,0.5142045454545454,684.0,724.0,915.8866807551226,461.37181960663924,918.5986715190935,481.2778366199077,775.4905007102273,534.6248859691198,0.009754272722151581,0.019989231865553427,0.8466332965104055,0.15319360913468577,0.00017308346747997512,audio_467.wav
45.0,0.04340221728692484,0.036919987737540134,0.54254150390625,30.140039446743,0.17754746881592892,0.41051136363636365,0.5894886363636364,578.0,830.0,2115.483836209182,1401.7442981801848,1706.5382828187524,475.89003204364235,1932.6615767045455,2245.18080618112,0.04585562399211299,0.06542630568975973,0.8063879316798744,0.175011291627046,0.018600741559927286,audio_407.wav
45.0,0.04919784462424365,0.040675802180747234,0.679229736328125,38.72684665073951,0.1885301229585041,0.47230113636363635,0.5276988636363636,665.0,743.0,2110.5576475673492,1494.731358819498,1602.7544216432236,492.35704224408113,1958.5737748579545,2251.1249303155405,0.0340454222923164,0.054589284934344624,0.7878527754972842,0.19210856546720254,0.020038630688932482,audio_404.wav
45.0,0.08554090461505116,0.06871095376351706,0.93280029296875,117.07594179778049,0.11687238454497853,0.5205965909090909,0.47940340909090906,733.0,675.0,1494.3461341291636,988.8714086371639,1426.1590689429495,534.2635706276001,1283.7690873579545,1547.9790902428629,0.022581144324643074,0.04262226602451648,0.7616505203541026,0.2366226410612073,0.0017268298683656093,audio_534.wav
45.0,0.015706468476943465,0.013894628374716904,0.227813720703125,3.9470904322755005,0.10491334015741688,0.3615056818181818,0.6384943181818181,509.0,899.0,1282.37070829264,547.4742431071811,1153.2330839097908,379.7249327980232,1267.0121626420455,1214.938797891647,0.04135694521482765,0.07291514555547736,0.8419545780741376,0.1503470621812181,0.00769811979218669,audio_96.wav
45.0,0.056335143077131486,0.04290650587671558,0.699920654296875,50.778373528334,0.09395360271333711,0.6605113636363636,0.33948863636363635,930.0,478.0,1363.315505548124,686.356906710454,1418.330579548867,377.9638593675834,1024.0700461647727,1234.923962028816,0.01578110414156495,0.03573742872373057,0.9066434879859064,0.0823546500363131,0.011001844679408743,audio_137.wav
45.0,0.08754043938140839,0.07637511482039593,0.977691650390625,122.61325643344058,0.05660355083826505,0.3806818181818182,0.6193181818181819,536.0,872.0,1338.5996631859007,1086.8423064904969,1209.1496604971694,715.552353015986,477.19504616477275,601.72874810281,0.2161090832659787,0.384083340820898,0.8002911008303834,0.19953161061232916,0.00017728074610809621,audio_150.wav
45.0,0.055102372549071896,0.04940193039025623,0.95050048828125,48.58034336858739,0.19607041120890445,0.3196022727272727,0.6803977272727273,450.0,958.0,2028.9374415191048,1198.350013920017,1553.6964826681638,390.2354751719618,1626.498135653409,1935.910288407192,0.11346812014561052,0.2057954573667845,0.7987897318439541,0.19659350752511548,0.004616740280714523,audio_339.wav
45.0,0.05997873910509418,0.050265224970303425,0.8304443359375,57.55918631419126,0.21021140307139316,0.5248579545454546,0.4751420454545454,739.0,669.0,2418.717666337869,1310.6221670507853,1770.1114092491675,413.01371145948383,2366.7990944602275,2196.132801808392,0.034875250052937616,0.0429266884459392,0.7187650602212146,0.24943854212661437,0.03179637570503808,audio_409.wav
45.0,0.06214245458360575,0.05438235848149742,0.704010009765625,61.78695458680805,0.2040384778312192,0.45170454545454547,0.5482954545454546,636.0,772.0,2336.9827424355376,1206.353809155097,1856.4116294659855,338.8837793474561,2004.2502663352273,2141.911285563041,0.09310747450243805,0.15598260275458595,0.8400643049323652,0.1393255983851041,0.020610080004788724,audio_78.wav
45.0,0.045660624083836324,0.03787235782001743,0.65802001953125,33.35828146760662,0.17133982130530737,0.4694602272727273,0.5305397727272727,661.0,747.0,1842.6465531037857,1291.3884152210908,1431.5898607101017,507.2924624313359,1478.515625,1922.3794549980448,0.07226094592417415,0.17207723316487178,0.8732591277447594,0.12274143351890564,0.00399941232960003,audio_244.wav
42.9653125,0.07538218650270374,0.06232676152625844,0.94500732421875,90.91958467085456,0.18895066361769103,0.5014880952380952,0.49851190476190477,674.0,670.0,2366.4089217327332,1315.6360196742596,1810.5690425222863,478.1301642156977,1843.2152157738096,2191.6163913332707,0.028060347059531192,0.03415003370116744,0.8807658187524052,0.04724674034962895,0.07198742670896116,audio_752.wav
45.0,0.0923757690487797,0.07388395542159423,0.925811767578125,136.53252331765574,0.12872656767578844,0.5149147727272727,0.4850852272727273,725.0,683.0,1567.062978119724,1007.9899518353936,1424.0302858109205,516.658158177825,1337.613192471591,1595.943460920794,0.03041013424779497,0.05427564931054381,0.8650883434782609,0.13135194249570734,0.0035597075179976587,audio_508.wav
45.0,0.06053996465114814,0.05316742672087695,0.7435302734375,58.64139711939626,0.12799948333261574,0.3025568181818182,0.6974431818181819,426.0,982.0,1651.38816303017,973.167547998393,1557.2596114880994,454.72417396282384,1385.464754971591,1611.633355598184,0.018623734999535114,0.033795281542123315,0.27847179745653416,0.706123742927344,0.01540442954141403,audio_664.wav
45.0,0.06924886136380026,0.061017409528382395,0.94158935546875,76.72647680292526,0.1306210147514094,0.2521306818181818,0.7478693181818181,355.0,1053.0,1556.4943922155574,816.0708907260712,1360.9553259617335,470.4187945253069,1295.9539240056818,1440.4364651735477,0.048904232852727963,0.12969596972697228,0.7993324236475116,0.197913845241375,0.0027537183327410873,audio_701.wav
24.128,0.09083497656292054,0.05841538707825631,0.949981689453125,132.01588747498118,0.4817263182980311,1.0,0.0,755.0,0.0,3921.102065339065,203.09680590074936,2307.147606001976,96.6391944264338,6546.875,623.9042547055878,0.5242454207962063,0.08574178395612071,0.38843880440383716,0.33513272080357476,0.2764284503549976,audio_5044.wav
45.0,0.028203313247635288,0.02473106054092303,0.6146240234375,12.726830050307843,0.2510885431785322,0.33238636363636365,0.6676136363636364,468.0,940.0,2408.625270861732,846.8910146671719,1421.176897469487,297.9395269791839,2640.1256214488635,1676.2522661417236,0.03817497656998302,0.090720095475693,0.6072598245435696,0.3566339711213403,0.03610609077446082,audio_734.wav
44.9266875,0.05760250818767828,0.05017613020678167,0.630035400390625,53.08878319218469,0.13295150704064684,0.3644128113879004,0.6355871886120996,512.0,893.0,1583.7305268976745,1032.5180662714786,1475.7293807889223,492.2923416516805,1245.1512455516015,1566.72741629316,0.03248978645961027,0.03771956602050012,0.5478572064908165,0.4507227475974989,0.001420021288976208,audio_51.wav
45.0,0.04105557858032044,0.03751521825636887,0.770355224609375,26.968968521037862,0.26366147730760736,0.2571022727272727,0.7428977272727273,362.0,1046.0,2635.1245337478754,1361.276114314961,1820.7786686126847,528.1635307910868,3140.9801136363635,2469.1797116544544,0.15037397545387118,0.1628435226062557,0.7139336629596257,0.25691215555948443,0.029154134954245826,audio_704.wav
45.0,0.03384804151897806,0.027395086493745825,0.310882568359375,18.3310386347274,0.07251190626653647,0.45738636363636365,0.5426136363636364,644.0,764.0,1226.4789391015145,652.9426628444694,1433.7854928222184,394.6634522185635,695.8340731534091,1112.9994932832644,0.01182220917780055,0.03192270721394352,0.7764166762588959,0.2210109698459537,0.00257229908311097,audio_129.wav
45.0,0.0062746922070146234,0.005463493598804215,0.311492919921875,0.6299481966843208,0.11043834783103866,0.18110795454545456,0.8188920454545454,255.0,1153.0,1415.7659161590361,795.9758478448467,1401.6969303548483,394.55847720209914,1211.1039595170455,1315.1611723168307,0.04106792916434543,0.06421193042060205,0.9423640321161233,0.0552826950795006,0.002351997427205269,audio_107.wav
45.0,0.03682216078034697,0.031062551930500937,0.636199951171875,21.69394439253956,0.13688769012179183,0.375,0.625,528.0,880.0,1726.5677049662474,1096.4033936073952,1678.3989303578187,356.11373768099827,1457.486239346591,1768.6214443735707,0.03994888881921448,0.0518389770274347,0.9176681537682726,0.05732781282211091,0.02500398977790972,audio_143.wav
45.0,0.07940858970713442,0.0672994063107781,0.88787841796875,100.89158590841625,0.09592443878394276,0.4900568181818182,0.5099431818181819,690.0,718.0,1383.1703748255777,1258.9163090442753,1148.6232457459375,675.1988309819839,823.2976740056819,1351.096371925386,0.18616859284104964,0.36296839144086923,0.8797038415893188,0.11781849884254748,0.0024776510344744792,audio_458.wav
45.0,0.11087770314206843,0.09357473487235513,0.9200439453125,196.70184086497045,0.12313628213372518,0.45667613636363635,0.5433238636363636,643.0,765.0,1571.1411988562222,930.2336184567428,1579.0924616141708,472.46993931788285,1185.8575994318182,1540.845510056445,0.02299185952518928,0.03346371717243794,0.7191841204396043,0.2787014462306541,0.0021144278445936544,audio_424.wav
45.0,0.07317425330574726,0.06240869056073771,0.97607421875,85.67154154965861,0.1475585382757476,0.3934659090909091,0.6065340909090908,554.0,854.0,1765.2860886172923,916.2029617921916,1517.4941035484044,387.5242294793466,1589.444247159091,1561.3357411974841,0.0318724637277731,0.04575672363452197,0.7837479397536119,0.20482693437140706,0.011425113649724018,audio_563.wav
45.0,0.05675565516013324,0.0505749203899675,0.94573974609375,51.53927028249535,0.23734894076241772,0.37357954545454547,0.6264204545454546,526.0,882.0,2425.251157035755,1233.448524526234,1705.3352612154915,425.8355780368158,2670.953924005682,2121.8173466635235,0.07396166614170177,0.09526605806213176,0.7684919576967219,0.21212338074040354,0.019384639782724575,audio_625.wav
45.0,0.05905596396838884,0.051573289587341614,0.691680908203125,55.80171008377025,0.1349731041293113,0.421875,0.578125,594.0,814.0,1648.3779200666204,1195.3820824837176,1410.9047190442466,619.1891526268613,1279.6186967329545,1758.1274207277663,0.08133934825922073,0.17167234378408847,0.8167699875533401,0.1803645646624792,0.002865430728305254,audio_302.wav
45.0,0.06818819039732762,0.059275717564944666,0.94512939453125,74.39406895459526,0.1204751673266213,0.3671875,0.6328125,517.0,891.0,1499.8359365978613,930.7905195404642,1486.5044091136133,489.00527543358174,1275.3240411931818,1496.7062347332749,0.03591531108916011,0.04883966663605154,0.923084166836373,0.0740157028220305,0.0029001194981304523,audio_154.wav
45.0,0.06675916176700883,0.05566954704096785,0.817657470703125,71.30857087733845,0.13594463325643508,0.5092329545454546,0.4907670454545454,717.0,691.0,1515.0754438357935,947.1970762996535,1290.892454017138,437.48026543379814,1444.9018998579545,1488.2504351669818,0.028459139194791525,0.05773787013673101,0.9514807272829674,0.04520989093535209,0.003309370981761892,audio_754.wav
45.0,0.05599464088329709,0.04866602470785185,0.906646728515625,50.1663969223905,0.16395439438110332,0.3934659090909091,0.6065340909090908,554.0,854.0,2007.960573661245,1016.900797123691,1759.1240294637093,367.9343624951924,1717.7512428977273,1810.0743938026956,0.03211432253234452,0.04296817192094329,0.8060894560271727,0.17216099063499263,0.02174953179726519,audio_749.wav
45.0,0.05598383046679816,0.0515696998079032,1.0,50.147028379763164,0.2140961306890704,0.2080965909090909,0.7919034090909091,293.0,1115.0,2564.501547254178,1414.9622602512216,1555.464216204524,474.17232090161326,2350.6858132102275,2206.0395989494755,0.12272544906219637,0.265138587970742,0.5615254462127693,0.3597656120647264,0.07870890652025811,audio_366.wav
24.9173125,0.038326732094280586,0.03213110496402688,0.436065673828125,23.503014288428115,0.11211735845649098,0.3717948717948718,0.6282051282051282,290.0,490.0,1387.809481790091,1058.8993622982914,1421.9549938317837,460.7360875727394,1189.9038461538462,1670.4659413190686,0.014478041353096188,0.033210757667380866,0.6571885039023154,0.3371212017060574,0.005690243860705069,audio_693.wav
45.0,0.0580746760643863,0.048869602852548044,0.715087890625,53.96268799973445,0.19153429379763026,0.5710227272727273,0.4289772727272727,804.0,604.0,2063.536349738893,1130.9053911057845,1545.1187071261222,480.7014647363097,1867.0099431818182,1976.1200417937337,0.07281188073274261,0.13378343904754175,0.8930072530127716,0.09963847104227719,0.007354259721153115,audio_608.wav
45.0,0.08608715393879822,0.0760629593085255,0.96600341796875,118.57596917251746,0.14156477995108327,0.25,0.75,352.0,1056.0,1447.0242948953726,673.4049342037783,1043.4686383418941,377.8093144242556,1262.539950284091,1235.4320998436433,0.07874952767375759,0.1955646318133626,0.8367268453034902,0.15932598627180194,0.003947160558384184,audio_220.wav
45.0,0.06401882328916952,0.05612339833598403,0.9417724609375,65.57455576527863,0.166300230972543,0.3536931818181818,0.6463068181818181,498.0,910.0,1981.8044647003096,1235.486137106828,1738.2707072733667,437.9715642574671,1891.7902166193182,2208.598424826163,0.05664292775695076,0.08709634633785107,0.9270751101833233,0.06588134181691285,0.007043535328383764,audio_761.wav
45.0,0.03413655123561039,0.030766193812543575,0.522491455078125,18.644866084183256,0.13508213205851674,0.24005681818181818,0.7599431818181819,338.0,1070.0,2297.8733218926445,965.1953309869867,2200.481616743841,451.3438381600384,1285.7555042613637,1604.6075698317288,0.06236859548229205,0.05628534391008652,0.9311012817119271,0.06765577104840041,0.0012429050657445254,audio_640.wav
45.0,0.04637129062300744,0.04003114265671389,1.0,34.40474550469468,0.08448692289850403,0.1796875,0.8203125,253.0,1155.0,1306.6362771088252,872.9864609347842,1471.6753676097987,467.13243938158865,895.7408558238636,1396.7144387551543,0.021266883046618196,0.04832754489067463,0.9140495651425707,0.0842865001522786,0.0016639113160032107,audio_67.wav
45.0,0.05600160585287493,0.046288027324723646,0.584564208984375,50.17887772961209,0.16571620238361442,0.5688920454545454,0.4311079545454546,801.0,607.0,1865.834460775509,1466.5692912681095,1439.3323312293467,574.1161574445723,1465.9867720170455,2104.0649146216388,0.08910311897704959,0.20666340119204,0.9382538449479193,0.058742301266838326,0.0030038381005018703,audio_299.wav
45.0,0.011923207548616767,0.009961491597827476,0.174774169921875,2.2746060519582696,0.24063436199216942,0.5241477272727273,0.4758522727272727,738.0,670.0,2529.3583626657282,1278.494030921222,1733.9880941697402,393.04607754303237,2748.7571022727275,2268.1662760692197,0.09111469556207846,0.1253440826021743,0.660184860432504,0.24965204722792167,0.09016234285911923,audio_102.wav
45.0,0.05474064747958627,0.048794079185251166,0.681243896484375,47.944615783749356,0.16483495115965438,0.30823863636363635,0.6917613636363636,434.0,974.0,2066.092521953792,1286.7853262790497,1730.9797548128015,642.5624544609591,2576.7045454545455,2586.1602532583543,0.13804166294841974,0.18282507531473563,0.8524660561526225,0.14627476663191902,0.0012591585474671198,audio_258.wav
45.0,0.0643490316757295,0.057206875681389144,0.9671630859375,66.25276604166461,0.23860172028016705,0.37926136363636365,0.6207386363636364,534.0,874.0,2418.00942745169,1338.3772725468448,1516.6639930501954,417.00370487392473,2453.579989346591,2078.9970734876015,0.09276558893350115,0.1793241345565028,0.5181766175907638,0.4464528711078841,0.035370487686196814,audio_679.wav
45.0,0.04026868182267435,0.033878773596705096,0.750152587890625,25.945067771772543,0.1196425272812879,0.3664772727272727,0.6335227272727273,516.0,892.0,1517.9239733007123,799.4627056796525,1348.2315092277677,410.3645103833416,1362.582120028409,1444.858079927057,0.029820896444032498,0.056969091926030106,0.838626452650944,0.15717550350974474,0.004198007684814952,audio_82.wav
45.0,0.052396126674312614,0.045308545124909005,0.6826171875,43.925665447529816,0.14298353192157212,0.4786931818181818,0.5213068181818181,674.0,734.0,1855.7899327944558,1126.7231045600597,1631.601602047916,523.7650640360602,1478.7708629261363,1782.2342667121081,0.03752110037885802,0.04903875185218745,0.6900537304786942,0.30550328499096757,0.004442958678033317,audio_325.wav
45.0,0.04264410577701429,0.036084574054295174,0.58587646484375,29.096316120338937,0.11846613675852327,0.484375,0.515625,682.0,726.0,1613.2748574212012,1006.2876182311591,1348.1495231944773,546.9675909172103,1075.472745028409,1334.8394173242007,0.1375646276288738,0.30597662876058357,0.8742931712518456,0.11791482751471417,0.007791970177410347,audio_399.wav
22.144,0.04894267795877722,0.040286165561929786,0.8397216796875,38.32617161242524,0.16382446662884592,0.5714285714285714,0.4285714285714286,396.0,297.0,2079.2096766763602,1142.859698500014,1717.1175458285672,498.3306476525872,1865.2146464646464,1974.3601390137671,0.04746472785493387,0.06483217546814897,0.7661687128480595,0.22115914733558556,0.012672111683416249,audio_285.wav
45.0,0.04291938016808448,0.0366564370092918,0.44366455078125,29.47317110420101,0.23078920942945755,0.4659090909090909,0.5340909090909092,656.0,752.0,2265.6620081385886,1578.499380719482,1547.8819601186433,667.1712340552043,1726.962002840909,2319.997609697259,0.14782857714773057,0.22088838509611375,0.9385299002035437,0.05283892572898655,0.00863114618963937,audio_784.wav
45.0,0.01264493503002949,0.01057938838581319,0.173065185546875,2.5583101106186708,0.11903002643059227,0.44176136363636365,0.5582386363636364,622.0,786.0,2047.6469995617697,1022.7065452673412,1925.8335266509566,397.25321088965416,1220.4478870738637,1847.5745258037239,0.04474663139755237,0.06574058151021919,0.8774077167744658,0.11076440209655244,0.011827522467246233,audio_0.wav
45.0,0.1457762868778217,0.1148395113823329,0.951995849609375,340.0116130541596,0.13706963481893725,0.5724431818181818,0.42755681818181823,806.0,602.0,1672.500126735509,1137.2161852400707,1439.28429981071,493.5921718042865,1466.8412642045455,1772.3033054590933,0.0220021095673403,0.04383143450477038,0.8972457650753254,0.10024447882047487,0.0025097536365379244,audio_435.wav
45.0,0.028136637184503408,0.02531795126385341,0.84033203125,12.666725632838077,0.20185236368383844,0.1669034090909091,0.8330965909090909,235.0,1173.0,2494.7051672140924,1012.9747752732545,2022.8751383191689,349.7636745956283,2387.273615056818,2149.2835217815755,0.10679752744410473,0.12236721584030019,0.7307203681826462,0.25221938808434036,0.017060152719538445,audio_91.wav
45.0,0.02213802951621366,0.01821466253307508,0.1754150390625,7.841477613771955,0.16255439243665618,0.46448863636363635,0.5355113636363636,654.0,754.0,1958.858556632846,961.3146740533507,1749.622440322987,384.9949192152389,2027.3992365056818,1923.052914476058,0.11869325610675543,0.13594565071207554,0.9733530435097645,0.026018583813697874,0.0006282803921805773,audio_109.wav
45.0,0.051869789175519834,0.04992571081620711,0.92462158203125,43.04760046580599,0.16983843033115323,0.11008522727272728,0.8899147727272727,155.0,1253.0,2011.6469941483758,635.803598138827,1796.9097263906021,375.9863941130693,1755.6596235795455,860.4774926506683,0.09126886720070333,0.043169176444249106,0.8529304088630669,0.14515074214963153,0.0019188282223969993,audio_772.wav
45.0,0.023470318791522598,0.020318777154038136,0.457733154296875,8.813693826811182,0.16349189373874132,0.3210227272727273,0.6789772727272727,452.0,956.0,1932.394693840177,1087.1847471784802,1738.1349847178035,430.9357139654262,1691.8501420454545,1826.0968088737968,0.06062809679025458,0.08867581091506078,0.8815731596771614,0.11231107555515965,0.006115664769794574,audio_270.wav
45.0,0.07834090696724032,0.06916593733514557,0.967010498046875,98.19676327119684,0.11870016486134008,0.3856534090909091,0.6143465909090908,543.0,865.0,1929.2138020159791,1455.0779615241215,1475.4580870927784,589.4988818300228,875.3884055397727,1530.5109525830353,0.20557247013147825,0.3826859408700224,0.7251198779778566,0.2702381926279341,0.004641918281320962,audio_528.wav
45.0,0.07441251502680978,0.06306254645688708,0.654571533203125,88.59555828184304,0.09384179700249584,0.38707386363636365,0.6129261363636364,545.0,863.0,1211.1833962775281,518.9629255306322,1266.9823272700976,354.9004522195673,921.3423295454545,837.1712279877165,0.014259797020921429,0.02515778533656617,0.9251050634760051,0.07361875452210304,0.0012761730489359833,audio_441.wav
45.0,0.055955076235302416,0.04807638475182559,0.9451904296875,50.09552890397608,0.17637107829316429,0.24928977272727273,0.7507102272727273,351.0,1057.0,2013.6305793443714,1418.3762026540996,1558.8689689915714,600.0061410574896,1677.4236505681818,2276.2163217874327,0.09101762433150974,0.14739671260894396,0.837804030021187,0.15278435434675885,0.009411596378393105,audio_381.wav
45.0,0.02442940015846963,0.01986857342920783,0.31915283203125,9.548729473642178,0.09910638764776063,0.5014204545454546,0.4985795454545454,706.0,702.0,1507.6734199719233,976.5498871166669,1607.5556695874004,355.21216553680637,1102.6611328125,1657.5151869480735,0.017749311893779585,0.03978186583094598,0.7097149629977437,0.276473597366592,0.013811318002301565,audio_86.wav
45.0,0.02211765077224025,0.019299676624375334,0.38824462890625,7.827047610924476,0.2007836121994614,0.3913352272727273,0.6086647727272727,551.0,857.0,2250.0940322010592,1228.4657014682284,1700.8460414927997,538.2350172319057,2733.8423295454545,2123.902077565642,0.13404776304464577,0.15095142198756714,0.8045637494100685,0.18443843947136307,0.010997680774794062,audio_101.wav
45.0,0.05287525681393602,0.045378950189947316,0.8572998046875,44.732684530235,0.1876891495682633,0.33167613636363635,0.6683238636363636,467.0,941.0,2181.7088077577105,1372.975055854926,1736.935818181513,408.7739486977066,1980.5464311079545,2261.8723998600226,0.031666120112666,0.042465626076139594,0.8807368911075943,0.10023113481033263,0.019031952573152527,audio_333.wav
45.0,0.0975377399738304,0.08285667144762247,0.944793701171875,152.21777150724083,0.07117301551807712,0.4559659090909091,0.5440340909090908,642.0,766.0,1328.5632347012024,1114.7030967166324,1180.9865487534664,691.1402043728689,585.0830078125,941.0258063674604,0.17955516860100393,0.35493901490121854,0.8368273705007113,0.16291969849496468,0.0002529250325401394,audio_149.wav
45.0,0.0680760990463296,0.05610261471355909,0.93035888671875,74.14968418185082,0.12297517079884833,0.5397727272727273,0.4602272727272727,760.0,648.0,1493.897123236335,852.474055042939,1387.8930086367502,458.0162567110021,1354.5587713068182,1476.353704749404,0.021688021022515224,0.04350482624679613,0.8646633106948753,0.1296977510112808,0.005638926117249784,audio_719.wav
45.0,0.0317172419659042,0.0282515143098934,0.84619140625,16.09573500677943,0.10874181769696903,0.29332386363636365,0.7066761363636364,413.0,995.0,2017.6059327645999,950.3814575929518,2111.6731003785067,489.3863962323506,774.3363813920455,1353.4907296781034,0.0360904395997988,0.035765904682557144,0.9420378344057333,0.05693040445690329,0.0010317134954897235,audio_638.wav
45.0,0.04414262772843345,0.04048459992785508,0.6688232421875,31.177145324336987,0.19036693106518204,0.18821022727272727,0.8117897727272727,265.0,1143.0,2033.29188964693,1308.7088605497695,1646.7605474224256,482.27255597676276,1687.01171875,2071.9855744159972,0.09294327941124175,0.19320561699547245,0.9218620601379901,0.06349593151955028,0.014641979950779791,audio_147.wav
43.98,0.02195206778189339,0.01825915627377937,0.24542236328125,7.710292478413468,0.0977057720921045,0.47601744186046513,0.5239825581395349,655.0,721.0,1244.8820259044912,523.4683238332188,1345.3172209614006,349.54673719537465,978.8789970930233,831.9132902693161,0.027761531665717522,0.0412032583624787,0.776626633417471,0.22287746366947467,0.000495774154862461,audio_62.wav
45.0,0.05841783124780808,0.050243957931284514,1.0,54.60228812315812,0.23472949267985094,0.40269886363636365,0.5973011363636364,567.0,841.0,2518.0650138994965,1353.638244105063,1740.8434936928143,410.9211722018241,2610.529119318182,2220.792226368701,0.06200235943387727,0.08272697302372732,0.6496451470607463,0.324348306959012,0.026006521764305044,audio_763.wav
45.0,0.050135119051098825,0.04339779482195694,0.854339599609375,40.216482596285644,0.12880712334322686,0.3494318181818182,0.6505681818181819,492.0,916.0,1620.7091251132335,559.9044207284977,1538.3063035560212,284.42090280610233,1382.8014026988637,1029.9992818476178,0.028044814890173922,0.04030080467942642,0.6191220963809685,0.3635798209231787,0.01729805007800977,audio_498.wav
45.0,0.01741647459845843,0.013813535060001731,0.1727294921875,4.8533373990199635,0.07225079479277055,0.5561079545454546,0.4438920454545454,783.0,625.0,1099.0077937201754,590.8992210676737,1210.599702642736,394.0960010519961,750.7546164772727,917.1029142388506,0.010362696483374156,0.023953218916108673,0.8653724242723486,0.13267664669194407,0.0019507476926456718,audio_1.wav
45.0,0.06288047522829365,0.05456413329797991,0.986053466796875,63.26326663897683,0.18700442639503667,0.49360795454545453,0.5063920454545454,695.0,713.0,1980.1609974558326,1195.7139482616776,1519.8543073601024,503.5698898262958,2044.4890802556818,1847.8360583402614,0.03832976471583263,0.05684840462412893,0.7467066096919716,0.22864318298593875,0.024650188649150202,audio_304.wav
45.0,0.036508022098017026,0.03337776608383004,0.95849609375,21.325370840148793,0.2619246693398185,0.3096590909090909,0.6903409090909092,436.0,972.0,2744.6148794795427,1191.6203966551727,1688.3270609044646,451.6471992933634,3098.8880504261365,2143.762457302681,0.1031777854791668,0.16538701945595197,0.450234273629057,0.45663771699191763,0.09312791497416135,audio_347.wav
45.0,0.0687944195669747,0.058107365442637275,0.84417724609375,75.72275461691122,0.17221412807517789,0.4403409090909091,0.5596590909090908,620.0,788.0,1934.726013586436,1214.2098588795157,1533.254568070356,400.95490126749644,1949.740323153409,1947.1437592900459,0.030192347383450467,0.04299237863692801,0.6515737578627525,0.3247088509663849,0.02371737390302082,audio_560.wav
45.0,0.07751243926885953,0.06350649208237566,0.968902587890625,96.1308518625382,0.12499045137562691,0.5227272727272727,0.4772727272727273,736.0,672.0,1480.8200639858196,1016.6704065073419,1308.2593970442451,551.5271684631745,1364.1246448863637,1566.8920149501157,0.022583150907261065,0.03893876932991082,0.8625942650805708,0.13528057568130714,0.002125150036823005,audio_452.wav
45.0,0.06942732920150806,0.055870899166961405,0.914306640625,77.12246464087318,0.0971452738128803,0.42045454545454547,0.5795454545454546,592.0,816.0,1081.3468719734462,964.4884268476372,1117.4323861847959,733.2165443190447,968.6279296875,1395.823465993486,0.007163718562251226,0.01675630458568492,0.7727477738972957,0.22701393953347943,0.0002382736040764492,audio_716.wav
45.0,0.04269171939677173,0.03585674362169296,0.619537353515625,29.161326480843126,0.12227725316285161,0.4318181818181818,0.5681818181818181,608.0,800.0,1564.9606162815967,808.0645657995004,1585.6202715556378,401.9578913551827,1402.9097123579545,1528.1479168158821,0.029497801853109015,0.03551037182164298,0.9478370273046401,0.04640795443063612,0.005754991135593295,audio_473.wav
45.0,0.003578581003253248,0.002968717604716598,0.042205810546875,0.20489987194952036,0.22763295504577089,0.35298295454545453,0.6470170454545454,497.0,911.0,2754.443041962819,1135.2999907651827,2383.7326749160397,334.2795318092907,2935.6578480113635,2812.1562224847403,0.11442439712598276,0.12153295790733706,0.7235051859114717,0.26554909494988826,0.010940220639618003,audio_95.wav
45.0,0.07931811830198927,0.06696624740933049,0.9293212890625,100.66182225549386,0.17115995994438882,0.3991477272727273,0.6008522727272727,562.0,846.0,1896.4075493053317,1171.3357826411436,1597.5533349094133,443.9121515748789,1814.0314275568182,1889.7797871030664,0.03986611139011549,0.057076927181754174,0.946116434394609,0.0480701059006426,0.005813451796815487,audio_732.wav
45.0,0.06281225212533573,0.05502614910400065,0.938201904296875,63.126064272907875,0.17859747027426426,0.19957386363636365,0.8004261363636364,281.0,1127.0,2059.7236494581894,1070.19015845237,1659.5872979902683,387.6490984794121,1867.4760298295455,1824.341339923579,0.0320753150548343,0.04413548199149357,0.668614710394808,0.2673584275191297,0.06402683773923287,audio_292.wav
45.0,0.08725984755439894,0.0726101427556647,0.9063720703125,121.82849592347112,0.10486403453338129,0.45170454545454547,0.5482954545454546,636.0,772.0,1111.20162618238,673.1395929254876,1041.5868142623262,451.9643305499668,1057.950106534091,1000.3167960430505,0.010656428705945908,0.021688380165280744,0.6430605143168298,0.3566416565304525,0.0002978195346457051,audio_469.wav
45.0,0.08780214010237196,0.07190630483871323,0.9976806640625,123.34745290490488,0.134109908485984,0.5163352272727273,0.4836647727272727,727.0,681.0,1704.230582081396,1297.0501801578746,1245.689976091731,514.2599894806839,1379.0727095170455,1659.6627431280642,0.1015488169306546,0.27719394030931205,0.7808578935750827,0.21437502339887227,0.0047670748234347965,audio_329.wav
45.0,0.044829444142178036,0.0408712848069017,0.70916748046875,32.154864993546575,0.2096732078794554,0.21946022727272727,0.7805397727272727,309.0,1099.0,2263.8885928569503,1088.2683935158711,1819.579708327051,474.4724388974745,1633.6780894886363,2022.7476221011736,0.16805986758253377,0.26265884157945557,0.9391850185656546,0.05827091531241642,0.002544042023278579,audio_169.wav
45.0,0.07031388001604474,0.0619591143623138,0.930389404296875,79.1046675665718,0.1598724442672837,0.3252840909090909,0.6747159090909092,458.0,950.0,1831.8103420355633,1231.7688472373884,1526.500644086017,516.6121965603137,1750.0776811079545,1953.786951267054,0.044984676001214835,0.06510073147720956,0.7385616492694702,0.25786884412860345,0.003569493139459964,audio_174.wav
45.0,0.05756088827005835,0.048937286640914006,0.96173095703125,53.01209373501026,0.13274185103034866,0.37642045454545453,0.6235795454545454,530.0,878.0,1579.287454934788,986.9976801061382,1491.0991958076993,662.9352120532316,1509.4549005681818,1464.8942014975341,0.05816413265870581,0.08804822985245919,0.8450687669564649,0.15372292383570826,0.0012082921727939275,audio_513.wav
45.0,0.07010535038459433,0.05877384835231007,0.7486572265625,78.63616244074785,0.1495140965473563,0.4822443181818182,0.5177556818181819,679.0,729.0,1799.8794324337978,1007.662973895975,1554.5037489599797,404.60831541500994,1680.6418678977273,1775.0923644178595,0.024614986564488087,0.04169150249961014,0.7313946704813867,0.25241866687656156,0.01618664798961015,audio_584.wav
45.0,0.056107157532418725,0.05049925310089743,0.999969482421875,50.36821002188242,0.230594764714951,0.31889204545454547,0.6811079545454546,449.0,959.0,2299.2937536147024,1031.334111169345,1623.2127805907303,389.154141037903,2441.5505149147725,1590.7380652693505,0.06953591533015899,0.08912279811117656,0.3708825297870953,0.5803819814448313,0.04873545209173563,audio_345.wav
45.0,0.08124184889079843,0.06560810044096867,0.61151123046875,105.6038081791252,0.15587174426631148,0.5255681818181818,0.47443181818181823,740.0,668.0,1735.3337019461085,1607.739518540698,1390.0210765953263,615.2750812121112,1720.9028764204545,2291.1475123869955,0.02443296246298212,0.0457645329659571,0.9319878645222865,0.0659209560768749,0.002091171930160924,audio_750.wav
45.0,0.03355674412079924,0.029648161495625155,0.254425048828125,18.01688121582071,0.13572241072557045,0.41832386363636365,0.5816761363636364,589.0,819.0,1544.1501514424347,805.0913480611678,1256.4138202090849,514.7222968770387,1178.0340021306818,1245.2609467646944,0.09596987815594876,0.18918634169375304,0.7193242976725921,0.277365363539858,0.00331027846154352,audio_116.wav
45.0,0.021939403417596617,0.017362308010139674,0.173736572265625,7.701398757120801,0.1325689341235196,0.5802556818181818,0.41974431818181823,817.0,591.0,1776.3251937943053,1309.6352077656647,1525.0182025812987,532.2696368787268,1299.5827414772727,1938.6565357505679,0.07354568314465952,0.20647564852805064,0.910418372885339,0.0870717629512262,0.002509757578713336,audio_114.wav
45.0,0.07829594556878225,0.06702706212541647,0.7667236328125,98.08408148015539,0.23211421126973789,0.4353693181818182,0.5646306818181819,613.0,795.0,2455.1528208094937,1393.2949690048406,1664.1650219169876,421.3178910749884,2473.8658558238635,2437.4181937973776,0.054313083414481156,0.09301728559423436,0.9046317112895786,0.07522558566871812,0.02014269346593493,audio_157.wav
45.0,0.06589892964598634,0.05653040082132394,0.85101318359375,69.48270285578651,0.12499878472053433,0.4367897727272727,0.5632102272727273,615.0,793.0,1789.0632848692728,1100.6023696942689,1773.7063212492146,529.1021717606128,1172.9181463068182,1729.5994714227081,0.030953927773954292,0.05370723033632571,0.7600958552325516,0.23525728228725148,0.004646847498978404,audio_385.wav
45.0,0.026842866562085923,0.02519745009775007,0.39306640625,11.528631764319208,0.12640781445529786,0.1903409090909091,0.8096590909090909,268.0,1140.0,1655.5358452026512,724.2651762190596,1646.632675113881,422.28857836211984,1634.3439275568182,1202.5743667508088,0.10916104277480604,0.09480797011921127,0.9403126360657457,0.05839499557599338,0.0012923013553124264,audio_264.wav
45.0,0.044399009214081686,0.03807745114175516,0.819793701171875,31.54035230707377,0.18408775567743843,0.5134943181818182,0.48650568181818177,723.0,685.0,1914.6673825572832,1226.3629747989514,1496.3921648916016,489.52328490350413,1999.1455078125,1852.3137233458283,0.03647529605232381,0.05904574908767646,0.7866166943934549,0.1893002393138725,0.024083030618723477,audio_390.wav
45.0,0.062217746433644014,0.053855568879653676,0.8240966796875,61.93676754049957,0.13722727392676934,0.43892045454545453,0.5610795454545454,618.0,790.0,1314.3769892613223,613.3767068409793,943.2709419025924,332.00729157069657,1188.4765625,1098.3014020340302,0.05349486308298639,0.11675894196992985,0.8103602371189138,0.1882100916689516,0.001429655879709749,audio_766.wav
45.0,0.07012550424645295,0.05913819202819397,0.77783203125,78.68138153310865,0.1370661625918925,0.484375,0.515625,682.0,726.0,1524.7536425505787,1090.9280909713066,1342.971332755826,484.1872660883286,1408.9244495738637,1683.0773630424528,0.03075600292703691,0.06304369895463893,0.7722768607595695,0.22453630949906592,0.003186816852530866,audio_571.wav
45.0,0.06617374229117602,0.05603536600766767,0.764312744140625,70.06342670110365,0.11105015423632533,0.47514204545454547,0.5248579545454546,669.0,739.0,1669.8070016851389,1029.2667750475325,1679.3748276443373,530.376534250759,1056.3520951704545,1569.935147519631,0.026368742986754522,0.0453687491424279,0.8075604478221013,0.18811200141510898,0.0043275368802342526,audio_393.wav
39.2533125,0.04134387670093114,0.034849102392875295,0.579010009765625,27.349058250588755,0.11767815403820066,0.3583061889250814,0.6416938110749186,440.0,788.0,1418.3861839627791,1123.408797244844,1439.4468618324204,469.15535870061734,1226.2189535830619,1751.6009169346814,0.01522584417280923,0.028052319089633425,0.8289313879483493,0.16526817142531397,0.005800405763678607,audio_691.wav
